"序号",年度,姓名,工作单位,获选时间
CA8782527A0130AEE0530B4214ACA205,2021,梁振华,德清县第一中学,2021/7/20
CA87825279B630AEE0530B4214ACA205,2021,虞哲骏,镇海中学,2021/7/20
CA8782527B1C30AEE0530B4214ACA205,2019,吴亚玲,平湖市培智学校,2019/8/14
CA8782527DBF30AEE0530B4214ACA205,2013,徐多娇,乐清市实验小学,2013/8/27
CA8782527E3130AEE0530B4214ACA205,2013,金可泽,南海实验初中,2013/8/27
CA878252799330AEE0530B4214ACA205,2021,刘静,杭州市钱塘实验小学,2021/7/20
CA8782527CBB30AEE0530B4214ACA205,2015,宋平,余姚市第五职业技术学校,2015/8/3
CA8782527DAE30AEE0530B4214ACA205,2013,陈丹亚,奉化市武岭中学,2013/8/27
CA8782527E1330AEE0530B4214ACA205,2013,包丽芳,莲都区花园中学,2013/8/27
CA8782527BD430AEE0530B4214ACA205,2017,杨丹,宁波市鄞州区古林职业高级中学,2017/8/9
CA8782527E6430AEE0530B4214ACA205,2011,何锋,宁波市鄞州蓝青学校,2011/9/16
CA87825279AD30AEE0530B4214ACA205,2021,陈英,杭州市人民职业学校,2021/7/20
CA8782527E1B30AEE0530B4214ACA205,2013,吴丽芳,庆元县实验小学,2013/8/27
CA8782527D0130AEE0530B4214ACA205,2015,梅琴,嘉兴市第五高级中学,2015/8/3
CA8782527A5C30AEE0530B4214ACA205,2021,周焱,南海实验学校初中部,2021/7/20
CA87825279F530AEE0530B4214ACA205,2021,王孝厂,浙江省温州中学,2021/7/20
CA8782527D1730AEE0530B4214ACA205,2015,许锴杰,上虞区实验中学,2015/8/3
CA8782527D2B30AEE0530B4214ACA205,2015,杜Z,东阳中学,2015/8/3
CA8782527B7B30AEE0530B4214ACA205,2019,李剑飞,仙居中学,2019/8/14
CA8782527D3130AEE0530B4214ACA205,2015,祝响响,浦江县檀溪中心小学,2015/8/3
CA87825279F430AEE0530B4214ACA205,2021,李丽丽,龙港市第一小学,2021/7/20
CA8782527C4830AEE0530B4214ACA205,2017,张未华,衢州一中,2017/8/9
CA8782527EA030AEE0530B4214ACA205,2011,李树,嘉兴市实验小学,2011/9/16
CA8782527ADF30AEE0530B4214ACA205,2019,王星乔,宁波市鄞州中学,2019/8/14
CA8782527C7730AEE0530B4214ACA205,2017,周燕,舟山中学,2017/8/9
CA8782527CA730AEE0530B4214ACA205,2015,万亮斌,杭州市中策职业学校,2015/8/3
CA8782527A9830AEE0530B4214ACA205,2019,汤沛,浙江省杭州高级中学,2019/8/14
CA8782527C0230AEE0530B4214ACA205,2017,汪莉娜,嘉兴市第二幼儿园,2017/8/9
CA8782527A6530AEE0530B4214ACA205,2021,高鸳鸳,台州市路桥区蓬街镇中心小学,2021/7/20
CA8782527D6A30AEE0530B4214ACA205,2015,陈艳,岱山县高亭初级中学,2015/8/3
CA8782527D0430AEE0530B4214ACA205,2015,陈国权,吴兴区教育局教学研究与培训中心,2015/8/3
CA8782527E5E30AEE0530B4214ACA205,2011,蒋建君,奉化中学,2011/9/16
CA8782527E5C30AEE0530B4214ACA205,2011,李华斌,宁波市北仑中学,2011/9/16
CA8782527E3230AEE0530B4214ACA205,2013,孙艳,舟山中学,2013/8/27
CA8782527E4E30AEE0530B4214ACA205,2011,葛伟锋,桐庐县第一实验小学教育集团,2011/9/16
CA8782527E1930AEE0530B4214ACA205,2013,林辉,遂昌职业中专,2013/8/27
CA8782527CAA30AEE0530B4214ACA205,2015,干学展,宁波市第十五中学,2015/8/3
CA8782527E0130AEE0530B4214ACA205,2013,吴槿槿,浦江县实验中学,2013/8/27
CA8782527E8330AEE0530B4214ACA205,2011,雷圣锋,泰顺县职业教育中心,2011/9/16
CA8782527D2630AEE0530B4214ACA205,2015,陆莎,金华师范学校附属小学,2015/8/3
CA8782527BFB30AEE0530B4214ACA205,2017,雷旭军,文成县实验小学,2017/8/9
CA8782527AB230AEE0530B4214ACA205,2019,黄建新,杭州市余杭高级中学,2019/8/14
CA8782527D3E30AEE0530B4214ACA205,2015,袁群,龙游县北辰小学,2015/8/3
CA8782527AA230AEE0530B4214ACA205,2019,何娜,杭州市大成岳家湾实验学校,2019/8/14
CA8782527DCE30AEE0530B4214ACA205,2013,陈显利,永嘉县第二职业学校,2013/8/27
CA87825279FD30AEE0530B4214ACA205,2021,王伟,湖州市双林第二中学,2021/7/20
CA87825279AE30AEE0530B4214ACA205,2021,汪淳,杭州文汇学校,2021/7/20
CA8782527B3E30AEE0530B4214ACA205,2019,何娟,东阳市湖溪镇初级中学,2019/8/14
CA8782527C4730AEE0530B4214ACA205,2017,张莹,东阳市职业教育中心学校,2017/8/9
CA8782527DD930AEE0530B4214ACA205,2013,许芳,海盐县实验小学教育集团,2013/8/27
CA8782527EF430AEE0530B4214ACA205,2011,徐立海,玉环县楚门中学,2011/9/16
CA8782527EAB30AEE0530B4214ACA205,2011,肖永强,湖州市南浔中学,2011/9/16
CA8782527A5730AEE0530B4214ACA205,2021,周琳,衢州市特殊教育学校,2021/7/20
CA8782527BCC30AEE0530B4214ACA205,2017,吴超,北仑区新\小学,2017/8/9
CA8782527BB430AEE0530B4214ACA205,2017,黄永涛,临安市中等职业技术学校,2017/8/9
CA8782527D5130AEE0530B4214ACA205,2015,谷荷莲,椒江区洪家中学,2015/8/3
CA8782527E7430AEE0530B4214ACA205,2011,潘荣荣,慈溪职业高级中学,2011/9/16
CA8782527E1D30AEE0530B4214ACA205,2013,徐菊红,台州市第一中学,2013/8/27
CA8782527A3B30AEE0530B4214ACA205,2021,吕敏慧,浙江省永康市职业技术学校,2021/7/20
CA8782527B9530AEE0530B4214ACA205,2017,许静,杭州市旅游职业学校,2017/8/9
CA8782527AA430AEE0530B4214ACA205,2019,陆慧慧,杭州市万家星城幼儿园,2019/8/14
CA8782527B2E30AEE0530B4214ACA205,2019,沈强,绍兴市越城区孙端镇中学,2019/8/14
CA8782527D3D30AEE0530B4214ACA205,2015,雷国庆,龙游县实验幼儿园,2015/8/3
CA8782527DFA30AEE0530B4214ACA205,2013,胡建峰,浙江金华第一中学,2013/8/27
CA8782527A7430AEE0530B4214ACA205,2021,徐扬眉,天台县平桥镇中学,2021/7/20
CA8782527A9030AEE0530B4214ACA205,2021,董长源,温宿县第五中学小学,2021/7/20
CA8782527DA430AEE0530B4214ACA205,2013,侯赛萍,鄞州区实验小学,2013/8/27
CA8782527E3A30AEE0530B4214ACA205,2013,张传鹏,杭州外国语学校,2013/8/27
CA8782527A8530AEE0530B4214ACA205,2021,孙梅琳,龙泉市实验小学教育集团,2021/7/20
CA8782527CCF30AEE0530B4214ACA205,2015,叶会乐,瓯海职业中专集团学校,2015/8/3
CA8782527C7E30AEE0530B4214ACA205,2017,王永江,第一师阿拉尔市中等职业技术学校,2017/8/9
CA8782527B9B30AEE0530B4214ACA205,2017,楼磊,杭州市长寿桥小学,2017/8/9
CA8782527DA130AEE0530B4214ACA205,2013,姚成伟,北仑区郭巨学校,2013/8/27
CA87825279DE30AEE0530B4214ACA205,2021,郑洁,乐清市乐成第一中学,2021/7/20
CA8782527C6530AEE0530B4214ACA205,2017,江庆君,温岭市新河中学,2017/8/9
CA8782527B2330AEE0530B4214ACA205,2019,陈杰,海宁市高级技工学校,2019/8/14
CA8782527E4430AEE0530B4214ACA205,2011,刘志华,杭州市德胜小学教育集团,2011/9/16
CA8782527AA330AEE0530B4214ACA205,2019,郑建华,杭州长江实验小学,2019/8/14
CA8782527B0F30AEE0530B4214ACA205,2019,王平,湖州市南浔开发区实验学校,2019/8/14
CA87825279E630AEE0530B4214ACA205,2021,池剑善,永嘉县崇德实验学校,2021/7/20
CA8782527CB730AEE0530B4214ACA205,2015,胡巍娜,慈溪中学,2015/8/3
CA8782527D6C30AEE0530B4214ACA205,2015,徐世东,舟山职业技术学校,2015/8/3
CA8782527E9230AEE0530B4214ACA205,2011,赵丽芳,文成县实验小学徐村校区,2011/9/16
CA8782527DEC30AEE0530B4214ACA205,2013,郦琦,绍兴市鲁迅幼儿园,2013/8/27
CA8782527B0030AEE0530B4214ACA205,2019,黄环环,平阳县鳌江实验小学,2019/8/14
CA8782527ED330AEE0530B4214ACA205,2011,王飞,衢州市第二中学,2011/9/16
CA8782527BE330AEE0530B4214ACA205,2017,郑小勇,瑞安市第二高级职业中学,2017/8/9
CA8782527D3230AEE0530B4214ACA205,2015,郑贤继,浙江省武义县金穗民族中学,2015/8/3
CA8782527C8730AEE0530B4214ACA205,2015,毕宏辉,杭州市长青小学,2015/8/3
CA8782527A0030AEE0530B4214ACA205,2021,余静学,浙江省德清县职业中等专业学校,2021/7/20
CA8782527AF130AEE0530B4214ACA205,2019,施君,瑞安市林学校,2019/8/14
CA8782527E1530AEE0530B4214ACA205,2013,周俊娇,缙云壶滨初中,2013/8/27
CA8782527A6630AEE0530B4214ACA205,2021,曹军喜,浙江临海市回浦中学,2021/7/20
CA8782527B4430AEE0530B4214ACA205,2019,李栗,兰溪市实验中学,2019/8/14
CA8782527BEB30AEE0530B4214ACA205,2017,胡琼琼,永嘉县实验中学,2017/8/9
CA8782527EBF30AEE0530B4214ACA205,2011,蔡凌燕,越城区灵芝镇中心小学,2011/9/16
CA8782527E4830AEE0530B4214ACA205,2011,叶青,萧山高桥小学,2011/9/16
CA8782527C6D30AEE0530B4214ACA205,2017,蒋旭凯,仙居县新生中学,2017/8/9
CA8782527EF630AEE0530B4214ACA205,2011,洪琼,天台中学,2011/9/16
CA8782527BA530AEE0530B4214ACA205,2017,颜石珍,杭州市文海实验学校,2017/8/9
CA8782527CA830AEE0530B4214ACA205,2015,赵云杰,杭州聋人学校,2015/8/3
CA8782527BF730AEE0530B4214ACA205,2017,何优优,瓯海外国语学校,2017/8/9
CA8782527D6830AEE0530B4214ACA205,2015,应红,舟山市普陀区第二中学,2015/8/3
CA8782527B6D30AEE0530B4214ACA205,2019,梁茶斌,台州市路桥小学,2019/8/14
CA8782527E2830AEE0530B4214ACA205,2013,黄珍珍,温岭市横峰小学,2013/8/27
CA8782527C4630AEE0530B4214ACA205,2017,邓玉荣,东阳市职业教育中心学校,2017/8/9
CA8782527D9330AEE0530B4214ACA205,2013,韦琳,宁波市第二中学,2013/8/27
CA8782527DE130AEE0530B4214ACA205,2013,施建华,南浔区双林庆同小学,2013/8/27
CA8782527DD130AEE0530B4214ACA205,2013,林国明,嘉兴市第四高级中学,2013/8/27
CA87825279CC30AEE0530B4214ACA205,2021,薛柳茵,宁波市甬江职业高级中学,2021/7/20
CA8782527DB230AEE0530B4214ACA205,2013,蔡本再,浙江省温州中学,2013/8/27
CA8782527BDC30AEE0530B4214ACA205,2017,梅捷凯,瓯海中学,2017/8/9
CA8782527D4430AEE0530B4214ACA205,2015,沈美芬,莲都区梅山中学,2015/8/3
CA8782527D1230AEE0530B4214ACA205,2015,赵雪朋,中国轻纺城小学,2015/8/3
CA8782527D0630AEE0530B4214ACA205,2015,江战明,德清县高级中学,2015/8/3
CA8782527C1430AEE0530B4214ACA205,2017,唐蓓,浙江省长兴中学,2017/8/9
CA8782527EAC30AEE0530B4214ACA205,2011,吴轶宁,湖州市第一中学,2011/9/16
CA8782527AEA30AEE0530B4214ACA205,2019,包祥龙,瓯海中学,2019/8/14
CA8782527A8D30AEE0530B4214ACA205,2021,倪峥,丽水经济开发区第一小学,2021/7/20
CA8782527CFC30AEE0530B4214ACA205,2015,赵平,桐乡市茅盾中学,2015/8/3
CA8782527E2C30AEE0530B4214ACA205,2013,林华,玉环县坎门中心小学,2013/8/27
CA8782527AB730AEE0530B4214ACA205,2019,孙琴燕,杭州市富阳区鹿山街道中心幼儿园,2019/8/14
CA8782527CAE30AEE0530B4214ACA205,2015,方学士,江北区育才实验学校,2015/8/3
CA8782527DF630AEE0530B4214ACA205,2013,李莉,嵊州市马寅初中学,2013/8/27
CA8782527AA130AEE0530B4214ACA205,2019,张雪姣,杭州市胜利实验学校,2019/8/14
CA8782527EC930AEE0530B4214ACA205,2011,陈晓英,金华市第四中,2011/9/16
CA8782527BB730AEE0530B4214ACA205,2017,童玉婷,淳安县威坪镇小学,2017/8/9
CA8782527EF030AEE0530B4214ACA205,2011,吴凌燕,温岭市太平高级职业中学,2011/9/16
CA8782527D4930AEE0530B4214ACA205,2015,魏新超,浙江省缙云中学,2015/8/3
CA8782527DDC30AEE0530B4214ACA205,2013,吴雷霞,桐乡市实验小学教育集团振东小学,2013/8/27
CA8782527DF130AEE0530B4214ACA205,2013,孟琴,诸暨市应店街镇寨头完小,2013/8/27
CA8782527ADC30AEE0530B4214ACA205,2019,滕晓丹,宁波外国语学校,2019/8/14
CA8782527B1030AEE0530B4214ACA205,2019,周忠芬,德清县高级中学,2019/8/14
CA8782527E5730AEE0530B4214ACA205,2011,金晶,杭州第七中学,2011/9/16
CA8782527BC630AEE0530B4214ACA205,2017,陈金宏,浙江省慈溪中学,2017/8/9
CA8782527BC930AEE0530B4214ACA205,2017,盛文斌,象山县石浦镇新港小学,2017/8/9
CA8782527B4930AEE0530B4214ACA205,2019,应艳兰,浙江省兰溪市第五中学,2019/8/14
CA8782527D9030AEE0530B4214ACA205,2013,王红燕,淳安县大墅镇中心小学,2013/8/27
CA8782527D4030AEE0530B4214ACA205,2015,姜亦军,开化县第三初级中学,2015/8/3
CA8782527D9230AEE0530B4214ACA205,2013,金红江,建德市新世纪实验学校,2013/8/27
CA8782527B5530AEE0530B4214ACA205,2019,任妍,衢州高级中学,2019/8/14
CA8782527CBD30AEE0530B4214ACA205,2015,谢红波,余姚市河姆渡镇初级中学,2015/8/3
CA8782527C9430AEE0530B4214ACA205,2015,沈刚,杭州市萧山区第五高级中学,2015/8/3
CA8782527B9430AEE0530B4214ACA205,2017,冯冬怡,浙江省杭州第十四中学,2017/8/9
CA8782527DF930AEE0530B4214ACA205,2013,梁锦波,新昌县城东小学,2013/8/27
CA8782527DA530AEE0530B4214ACA205,2013,包艳君,鄞州蓝青学校,2013/8/27
CA8782527E4930AEE0530B4214ACA205,2011,俞春云,萧山高桥幼儿园,2011/9/16
CA8782527C9030AEE0530B4214ACA205,2015,S云江,杭州市西湖小学教育集团,2015/8/3
CA8782527B1530AEE0530B4214ACA205,2019,王珍,安吉县机关幼儿园,2019/8/14
CA8782527E0430AEE0530B4214ACA205,2013,何玲玲,东阳市中天高级中学,2013/8/27
CA8782527D4130AEE0530B4214ACA205,2015,刘玉华,衢州二中,2015/8/3
CA87825279C830AEE0530B4214ACA205,2021,柯芸芸,象山县鹤浦中学,2021/7/20
CA8782527A4030AEE0530B4214ACA205,2021,汤俊艳,浙江省武义第一中学,2021/7/20
CA8782527B3830AEE0530B4214ACA205,2019,陈光明,新昌职业高级中学（大市聚校区）,2019/8/14
CA87825279C030AEE0530B4214ACA205,2021,戎杰,慈溪中学,2021/7/20
CA8782527C5030AEE0530B4214ACA205,2017,赵明阳,江山中学,2017/8/9
CA8782527B3C30AEE0530B4214ACA205,2019,郭骥,金师附小教育集团婺城小学,2019/8/14
CA87825279B730AEE0530B4214ACA205,2021,黄彪,镇海中学,2021/7/20
CA8782527E1430AEE0530B4214ACA205,2013,胡杨威,莲都区老竹镇中心幼儿园,2013/8/27
CA8782527ED930AEE0530B4214ACA205,2011,王芳,常山县第一中学,2011/9/16
CA8782527B4330AEE0530B4214ACA205,2019,胡向科,金华市东苑小学,2019/8/14
CA8782527D8F30AEE0530B4214ACA205,2013,章睿,淳安县千岛湖镇第一小学,2013/8/27
CA8782527C7A30AEE0530B4214ACA205,2017,柴君波,岱山中学,2017/8/9
CA8782527C3730AEE0530B4214ACA205,2017,吕丽娜,浙江省永康市实验学校,2017/8/9
CA8782527CE430AEE0530B4214ACA205,2015,戴乃赛,苍南中学,2015/8/3
CA8782527DF430AEE0530B4214ACA205,2013,徐莉莉,上虞市鹤琴幼儿园,2013/8/27
CA8782527B8530AEE0530B4214ACA205,2019,毛丽琴,浙江省景宁中学,2019/8/14
CA8782527B4230AEE0530B4214ACA205,2019,张舒,东阳市外国语学校,2019/8/14
CA8782527BCA30AEE0530B4214ACA205,2017,何奶群,慈溪市白云小学,2017/8/9
CA8782527D5F30AEE0530B4214ACA205,2015,袁华,浙江省三门中学,2015/8/3
CA8782527EB130AEE0530B4214ACA205,2011,包林军,绍兴县杨汛桥实验学校,2011/9/16
CA878252799530AEE0530B4214ACA205,2021,余丽黎,杭州市萧山区第三中等职业学校,2021/7/20
CA8782527EDD30AEE0530B4214ACA205,2011,汪润,丽水第二高级中学,2011/9/16
CA8782527D8230AEE0530B4214ACA205,2013,吴燕,杭州市卖鱼桥小学,2013/8/27
CA8782527AAB30AEE0530B4214ACA205,2019,黄丽,杭州市行知中学,2019/8/14
CA8782527CA930AEE0530B4214ACA205,2015,郑燕,宁波市东恩中学,2015/8/3
CA8782527CC830AEE0530B4214ACA205,2015,陈弈,宁波经贸学校,2015/8/3
CA8782527D3330AEE0530B4214ACA205,2015,陈增辉,磐安仁川镇初级中学,2015/8/3
CA8782527E1130AEE0530B4214ACA205,2013,王玉琴,常山县湖东中心小学,2013/8/27
CA8782527C9830AEE0530B4214ACA205,2015,吕金亲,杭州市余杭区瓶窑镇第一小学,2015/8/3
CA8782527AC230AEE0530B4214ACA205,2019,钱勉勉,慈溪市城区中心小学,2019/8/14
CA87825279FB30AEE0530B4214ACA205,2021,卢密欧,温州市特殊教育学校,2021/7/20
CA8782527B3630AEE0530B4214ACA205,2019,章建萍,绍兴市高级中学,2019/8/14
CA8782527A5130AEE0530B4214ACA205,2021,罗慧,常山县紫港中学,2021/7/20
CA8782527B6F30AEE0530B4214ACA205,2019,蔡蔚,临海市高级职业中学,2019/8/14
CA8782527C5430AEE0530B4214ACA205,2017,郑俊,青田县第二中学,2017/8/9
CA8782527AF530AEE0530B4214ACA205,2019,周利明,温州市实验中学,2019/8/14
CA8782527ABD30AEE0530B4214ACA205,2019,杜樟轩,桐庐县职业技术学校,2019/8/14
CA8782527B4B30AEE0530B4214ACA205,2019,蒋凯,金华市汤溪高级中学,2019/8/14
CA8782527D6230AEE0530B4214ACA205,2015,陈见封,仙居城峰中学,2015/8/3
CA8782527D9B30AEE0530B4214ACA205,2013,沈晓敏,镇海应行久外语实验学校,2013/8/27
CA8782527D3030AEE0530B4214ACA205,2015,焦洋,浦江县职业技术学校,2015/8/3
CA8782527E7330AEE0530B4214ACA205,2011,陆丽群,宁波市聋哑学校,2011/9/16
CA8782527BC730AEE0530B4214ACA205,2017,李莹,宁波市孔浦中学,2017/8/9
CA8782527DDD30AEE0530B4214ACA205,2013,杨海洁,桐乡市职业教育中心学校,2013/8/27
CA8782527AFF30AEE0530B4214ACA205,2019,叶倩,永嘉县桥下镇中心小学,2019/8/14
CA8782527BA630AEE0530B4214ACA205,2017,单春燕,萧山区义蓬第二小学,2017/8/9
CA8782527B5F30AEE0530B4214ACA205,2019,胡高择,舟山市第一初级中学,2019/8/14
CA8782527E5630AEE0530B4214ACA205,2011,许涛,杭州高级中学,2011/9/16
CA8782527C7330AEE0530B4214ACA205,2017,詹潇潇,台州市第一中学,2017/8/9
CA8782527B2030AEE0530B4214ACA205,2019,马世龙,上海外国语大学附属宏达高级中学,2019/8/14
CA8782527EFE30AEE0530B4214ACA205,2011,许军海,嵊泗中学,2011/9/16
CA878252799930AEE0530B4214ACA205,2021,孙吉凤,杭州市余杭中学,2021/7/20
CA878252798D30AEE0530B4214ACA205,2021,杜琴华,杭州市西湖区午山幼儿园,2021/7/20
CA8782527B8E30AEE0530B4214ACA205,2019,黄国超,诸暨市草塔中学,2019/8/14
CA8782527E9630AEE0530B4214ACA205,2011,张新琴,乐清市乐成镇第一幼儿园,2011/9/16
CA8782527EFD30AEE0530B4214ACA205,2011,殷光举,岱山县衢山镇四平中心小学,2011/9/16
CA87825279E530AEE0530B4214ACA205,2021,周瑛,浙江省永嘉中学,2021/7/20
CA8782527BCE30AEE0530B4214ACA205,2017,王志军,宁波市奉化区莼湖尔仪小学,2017/8/9
CA8782527EA330AEE0530B4214ACA205,2011,蒋雄超,南湖区余新镇中心小学,2011/9/16
CA8782527E3430AEE0530B4214ACA205,2013,娄月红,舟山市普陀区职业技术教育中心,2013/8/27
CA8782527AEF30AEE0530B4214ACA205,2019,庄蓉蓉,瓯海区外国语学校,2019/8/14
CA87825279C230AEE0530B4214ACA205,2021,劳中意,慈溪实验中学,2021/7/20
CA8782527E9530AEE0530B4214ACA205,2011,朱旭娟,温州市实验小学,2011/9/16
CA8782527CB130AEE0530B4214ACA205,2015,高培圣,镇海中学,2015/8/3
CA8782527ECD30AEE0530B4214ACA205,2011,项彦,金华市环城小学,2011/9/16
CA8782527D6630AEE0530B4214ACA205,2015,宋婷婷,定海第二中学教育集团北校区,2015/8/3
CA8782527DC530AEE0530B4214ACA205,2013,兰衍局,平阳县鳌江镇第一小学,2013/8/27
CA8782527B5730AEE0530B4214ACA205,2019,方玲,衢州市实验学校,2019/8/14
CA8782527E3B30AEE0530B4214ACA205,2013,赵益民,浙师大附中（金华二中）,2013/8/27
CA8782527D1430AEE0530B4214ACA205,2015,孙国标,柯桥区柯桥中学,2015/8/3
CA87825279AF30AEE0530B4214ACA205,2021,赵洁,宁波市海曙区信谊小学,2021/7/20
CA8782527EE430AEE0530B4214ACA205,2011,饶亚维,莲都区机关幼儿园,2011/9/16
CA8782527AE930AEE0530B4214ACA205,2019,滕洁琼,龙湾中学,2019/8/14
CA8782527B2C30AEE0530B4214ACA205,2019,王铁青,上虞区阳光学校,2019/8/14
CA8782527B4130AEE0530B4214ACA205,2019,应海鹏,永康市城北小学,2019/8/14
CA8782527B4E30AEE0530B4214ACA205,2019,韩峰,婺城区蒋堂镇中心小学,2019/8/14
CA8782527B6930AEE0530B4214ACA205,2019,金文琴,台州市学院路小学,2019/8/14
CA8782527D7130AEE0530B4214ACA205,2015,李汉清,杭州外国语学校,2015/8/3
CA8782527B7E30AEE0530B4214ACA205,2019,邵华国,三门中学,2019/8/14
CA8782527D9930AEE0530B4214ACA205,2013,陈永益,镇海中学,2013/8/27
CA8782527B5330AEE0530B4214ACA205,2019,韩琴,东阳市职教中心东技校区,2019/8/14
CA87825279EE30AEE0530B4214ACA205,2021,林莉莉,泰顺县实验小学,2021/7/20
CA8782527DBB30AEE0530B4214ACA205,2013,陈欢,温州市城南小学,2013/8/27
CA8782527A3D30AEE0530B4214ACA205,2021,薛芳芳,浦江县实验小学,2021/7/20
CA8782527AEB30AEE0530B4214ACA205,2019,赵海荣,文成县职业中等专业学校,2019/8/14
CA8782527F0030AEE0530B4214ACA205,2011,方治,浙江省义乌中学,2011/9/16
CA8782527C4B30AEE0530B4214ACA205,2017,姜雅丽,衢州市实验学校,2017/8/9
CA8782527B3030AEE0530B4214ACA205,2019,石梦婷,诸暨市浣江教集团,2019/8/14
CA8782527DB030AEE0530B4214ACA205,2013,叶舒,象山中学,2013/8/27
CA87825279D430AEE0530B4214ACA205,2021,陈柯柯,温州市仰义第一小学,2021/7/20
CA8782527BED30AEE0530B4214ACA205,2017,陈小龙,瑞安市马屿镇中心小学,2017/8/9
CA8782527DA030AEE0530B4214ACA205,2013,顾敏,北仑区实验小学,2013/8/27
CA8782527D9D30AEE0530B4214ACA205,2013,焦越,北仑区顾国和外国语学校,2013/8/27
CA8782527C7030AEE0530B4214ACA205,2017,牟永强,三门县珠岙中学,2017/8/9
CA8782527B5930AEE0530B4214ACA205,2019,江狄龙,石梁镇中心小学,2019/8/14
CA8782527DAB30AEE0530B4214ACA205,2013,汪毅,余姚市职成教中心学校,2013/8/27
CA8782527A4E30AEE0530B4214ACA205,2021,林庆,浙江省龙游中学,2021/7/20
CA8782527C9630AEE0530B4214ACA205,2015,赵红琴,杭州市萧山区第一中等职业学校,2015/8/3
CA8782527EB930AEE0530B4214ACA205,2011,罗才军,上虞市阳光学校,2011/9/16
CA8782527A1F30AEE0530B4214ACA205,2021,朱娅娜,绍兴市柯桥区中国轻纺城第二小学,2021/7/20
CA8782527A1130AEE0530B4214ACA205,2021,张娜,海盐县博才实验学校,2021/7/20
CA8782527AC030AEE0530B4214ACA205,2019,汪宇飞,浙江省淳安中学,2019/8/14
CA8782527A3730AEE0530B4214ACA205,2021,王萍,义乌市第三中学,2021/7/20
CA8782527EB430AEE0530B4214ACA205,2011,孟敬德,诸暨市滨江小学,2011/9/16
CA878252798E30AEE0530B4214ACA205,2021,沈琬君,杭州市紫金港中学,2021/7/20
CA8782527C7630AEE0530B4214ACA205,2017,韩静波,台州市路桥中学,2017/8/9
CA8782527CE530AEE0530B4214ACA205,2015,方仲可,苍南县钱库镇第一中学,2015/8/3
CA8782527B6A30AEE0530B4214ACA205,2019,王华,北师大台州实验学校,2019/8/14
CA8782527CE730AEE0530B4214ACA205,2015,刘婷婷,文成县实验小学,2015/8/3
CA8782527BA330AEE0530B4214ACA205,2017,冯琛莉,杭州市彩虹城小学,2017/8/9
CA8782527CB530AEE0530B4214ACA205,2015,陈烈燕,鄞州区古林镇中学,2015/8/3
CA8782527E9730AEE0530B4214ACA205,2011,陈海旺,嘉兴一中实验学校,2011/9/16
CA8782527C6130AEE0530B4214ACA205,2017,李允和,台州中学,2017/8/9
CA8782527CE130AEE0530B4214ACA205,2015,林锁,平阳县昆阳镇练川小学,2015/8/3
CA87825279CE30AEE0530B4214ACA205,2021,林唯波,宁波经贸学校,2021/7/20
CA8782527E5930AEE0530B4214ACA205,2011,鲁晓阳,杭州市中策职业学校,2011/9/16
CA8782527EAF30AEE0530B4214ACA205,2011,杭伟华,浙江省长兴中学,2011/9/16
CA8782527CA530AEE0530B4214ACA205,2015,胡克元,杭州第二中学,2015/8/3
CA8782527B7C30AEE0530B4214ACA205,2019,吴建栋,仙居县埠头镇中心小学,2019/8/14
CA8782527E3C30AEE0530B4214ACA205,2011,查李,杭州市江城中学,2011/9/16
CA8782527CD630AEE0530B4214ACA205,2015,陈晓雯,乐清市大荆镇第六小学,2015/8/3
CA8782527E1E30AEE0530B4214ACA205,2013,马海利,椒江区机关幼儿园,2013/8/27
CA8782527C4A30AEE0530B4214ACA205,2017,郑志富,衢州中等专业学校,2017/8/9
CA8782527EC130AEE0530B4214ACA205,2011,祁黎,绍兴市中等专业学校,2011/9/16
CA87825279CF30AEE0530B4214ACA205,2021,杜丙科,宁波市鄞州职业教育中心学校,2021/7/20
CA8782527DF030AEE0530B4214ACA205,2013,柴少曼,诸暨市浣江小学教育集团,2013/8/27
CA8782527E9C30AEE0530B4214ACA205,2011,张建斌,嘉兴市第一中学,2011/9/16
CA8782527EB730AEE0530B4214ACA205,2011,林建锋,上虞市盖北镇中心小学,2011/9/16
CA8782527BFC30AEE0530B4214ACA205,2017,何丹,温州市第十五幼儿园,2017/8/9
CA8782527E5330AEE0530B4214ACA205,2011,徐慧红,淳安县瑶山乡中心小学,2011/9/16
CA8782527B0930AEE0530B4214ACA205,2019,黄建芬,瓯海区新桥中心幼儿园,2019/8/14
CA8782527B8B30AEE0530B4214ACA205,2019,邹辉,余姚东风小学教育集团,2019/8/14
CA8782527C0A30AEE0530B4214ACA205,2017,周加峰,元济高级中学,2017/8/9
CA8782527C9130AEE0530B4214ACA205,2015,须晶晶,杭州市西湖区文鼎苑幼儿园,2015/8/3
CA8782527AE330AEE0530B4214ACA205,2019,董环环,浙江省瑞安中学,2019/8/14
CA87825279BE30AEE0530B4214ACA205,2021,谢莲芬,宁波市北仑区中心幼儿园,2021/7/20
CA8782527C9D30AEE0530B4214ACA205,2015,周玲,桐庐县滨江幼儿园教育集团,2015/8/3
CA8782527B1330AEE0530B4214ACA205,2019,吴志权,长兴县实验中学,2019/8/14
CA8782527CB630AEE0530B4214ACA205,2015,吕峰,鄞州区姜山镇茅山小学,2015/8/3
CA8782527A7230AEE0530B4214ACA205,2021,林源启,玉环市实验学校,2021/7/20
CA8782527C5A30AEE0530B4214ACA205,2017,姚培灵,云和中学,2017/8/9
CA8782527D0C30AEE0530B4214ACA205,2015,莫娇,湖州市教育科学研究中心,2015/8/3
CA8782527E1730AEE0530B4214ACA205,2013,刘海美,景宁城南中学,2013/8/27
CA8782527D3F30AEE0530B4214ACA205,2015,王宏芳,常山县天马一小,2015/8/3
CA8782527D0D30AEE0530B4214ACA205,2015,马海波,湖州市菱湖中学,2015/8/3
CA8782527A2D30AEE0530B4214ACA205,2021,杨丽丽,金华市第四中学,2021/7/20
CA8782527C3F30AEE0530B4214ACA205,2017,徐钰,浙江金华第一中学,2017/8/9
CA8782527D4F30AEE0530B4214ACA205,2015,叶巧霞,丽水市实验幼儿园教育集团,2015/8/3
CA8782527BEF30AEE0530B4214ACA205,2017,杨州,平阳县小学,2017/8/9
CA8782527D4730AEE0530B4214ACA205,2015,张亚萍,云和县中等职业技术学校,2015/8/3
CA87825279D730AEE0530B4214ACA205,2021,吴秀娟,温州市中通国际学校,2021/7/20
CA8782527C2830AEE0530B4214ACA205,2017,寿清英,浙江海亮教育集团,2017/8/9
CA8782527DCC30AEE0530B4214ACA205,2013,潘林福,永嘉县瓯北第二小学,2013/8/27
CA8782527B0330AEE0530B4214ACA205,2019,林美珠,温州市石坦巷小学,2019/8/14
CA8782527BCB30AEE0530B4214ACA205,2017,叶毅,宁波市海曙外国语学校,2017/8/9
CA8782527B2930AEE0530B4214ACA205,2019,冯淑炜,嵊州市黄泽镇中心小学,2019/8/14
CA8782527B4830AEE0530B4214ACA205,2019,楼敏东,浙江省义乌中学,2019/8/14
CA8782527A0630AEE0530B4214ACA205,2021,凌红,浙江省湖州中学,2021/7/20
CA8782527C1830AEE0530B4214ACA205,2017,陈仙红,湖州市蓝天实验幼儿园,2017/8/9
CA8782527C9730AEE0530B4214ACA205,2015,张继辉,杭州市临平职业高级中学,2015/8/3
CA8782527BEE30AEE0530B4214ACA205,2017,柯珂,乐清市丹霞路小学,2017/8/9
CA8782527DBE30AEE0530B4214ACA205,2013,牟原喜,乐清市丹霞路小学,2013/8/27
CA8782527BE530AEE0530B4214ACA205,2017,魏金德,温州市实验中学,2017/8/9
CA8782527A1D30AEE0530B4214ACA205,2021,陈汝芳,绍兴市实验小学,2021/7/20
CA8782527AEE30AEE0530B4214ACA205,2019,徐春梅,温州市职业中等专业学校,2019/8/14
CA8782527CF230AEE0530B4214ACA205,2015,沈强,嘉兴南湖国际实验学校,2015/8/3
CA8782527D6130AEE0530B4214ACA205,2015,朱静,天台职业中专,2015/8/3
CA8782527CCA30AEE0530B4214ACA205,2015,陈虹,宁波外国语学校,2015/8/3
CA87825279EF30AEE0530B4214ACA205,2021,叶兰留,浙江省苍南中学,2021/7/20
CA8782527AE630AEE0530B4214ACA205,2019,邵徐爽,浙江省永嘉中学,2019/8/14
CA8782527E6C30AEE0530B4214ACA205,2011,钱欣,宁波市江东区实验小学,2011/9/16
CA8782527D3730AEE0530B4214ACA205,2015,金紫薇,金华市外国语学校,2015/8/3
CA8782527BE230AEE0530B4214ACA205,2017,姜晓红,瓯海职业中专教育集团,2017/8/9
CA8782527E8B30AEE0530B4214ACA205,2011,林上幸,苍南县少年艺术学校,2011/9/16
CA8782527D5E30AEE0530B4214ACA205,2015,施小斌,玉环中学,2015/8/3
CA8782527CB430AEE0530B4214ACA205,2015,王炳炳,宁波市鄞州区古林职业高级中学,2015/8/3
CA8782527D7430AEE0530B4214ACA205,2013,李鸣,浙江大学附属中学,2013/8/27
CA8782527A7E30AEE0530B4214ACA205,2021,邹蓓蓓,莲都区碧湖中学,2021/7/20
CA8782527D2F30AEE0530B4214ACA205,2015,郑卫松,浦江县仙华外国语学校,2015/8/3
CA8782527EFF30AEE0530B4214ACA205,2011,龚丽英,义乌市实验小学,2011/9/16
CA8782527A2F30AEE0530B4214ACA205,2021,孙小静,金华师范学校附属小学,2021/7/20
CA8782527BC330AEE0530B4214ACA205,2017,陈家晶,宁波市四眼\中学,2017/8/9
CA8782527BCF30AEE0530B4214ACA205,2017,朱英,北仑区蔚斗小学,2017/8/9
CA8782527C1230AEE0530B4214ACA205,2017,车海琪,德清县实验学校,2017/8/9
CA8782527B2630AEE0530B4214ACA205,2019,陆晓明,桐乡市求是实验中学,2019/8/14
CA8782527EE230AEE0530B4214ACA205,2011,钭珍,缙云第二实验小学,2011/9/16
CA8782527A3830AEE0530B4214ACA205,2021,李玲静,义乌市绣湖小学,2021/7/20
CA8782527E1630AEE0530B4214ACA205,2013,李瑞芝,青田中学,2013/8/27
CA8782527EC530AEE0530B4214ACA205,2011,史良君,浙江省东阳中学,2011/9/16
CA87825279A030AEE0530B4214ACA205,2021,梅旭峰,杭州市临安区於潜第二初级中学,2021/7/20
CA8782527B2830AEE0530B4214ACA205,2019,梁丽雅,新昌幼儿园,2019/8/14
CA8782527D8030AEE0530B4214ACA205,2013,洪峰,西湖小学教育集团文新小学,2013/8/27
CA8782527C2930AEE0530B4214ACA205,2017,卢婷,诸暨市实验小学教育集团,2017/8/9
CA8782527AE430AEE0530B4214ACA205,2019,叶海丰,乐清市芙蓉中学,2019/8/14
CA8782527BD730AEE0530B4214ACA205,2017,毛金春,奉化市技工（旅游）学校,2017/8/9
CA8782527C7D30AEE0530B4214ACA205,2017,沈良,阿克苏市高级中学,2017/8/9
CA8782527A6E30AEE0530B4214ACA205,2021,张丹君,温岭市方城小学,2021/7/20
CA8782527DCD30AEE0530B4214ACA205,2013,李明哲,永嘉县少年艺术学校,2013/8/27
CA8782527E3730AEE0530B4214ACA205,2013,黄跃峰,绣湖中学,2013/8/27
CA8782527C5930AEE0530B4214ACA205,2017,柳良敏,景宁县第一实验小学,2017/8/9
CA8782527DC330AEE0530B4214ACA205,2013,翁小东,瑞安市飞云中学,2013/8/27
CA87825279F330AEE0530B4214ACA205,2021,孙作金,温州市龙湾区天河镇第一小学,2021/7/20
CA8782527DB430AEE0530B4214ACA205,2013,张小玲,温州市第十四中学,2013/8/27
CA8782527EEE30AEE0530B4214ACA205,2011,王飞兵,台州初级中学,2011/9/16
CA8782527B4730AEE0530B4214ACA205,2019,周霄霄,浙江省东阳中学,2019/8/14
CA8782527E3E30AEE0530B4214ACA205,2011,翁奇,杭州市大成实验学校,2011/9/16
CA87825279A230AEE0530B4214ACA205,2021,姚宝良,杭州市淳安县千岛湖镇汪宅小学,2021/7/20
CA8782527C2E30AEE0530B4214ACA205,2017,龚哲荣,义乌市实验小学教育集团,2017/8/9
CA8782527D4C30AEE0530B4214ACA205,2015,陈慧君,松阳县实验小学集团学校,2015/8/3
CA8782527CE630AEE0530B4214ACA205,2015,陈杰,苍南县少年艺术学校,2015/8/3
CA87825279BD30AEE0530B4214ACA205,2021,姜维,宁波市北仑区蔚斗小学,2021/7/20
CA8782527C1130AEE0530B4214ACA205,2017,何立,浙江信息工程学校,2017/8/9
CA8782527A2A30AEE0530B4214ACA205,2021,童露,嵊州市初级中学,2021/7/20
CA8782527E7E30AEE0530B4214ACA205,2011,金开任,平阳中学,2011/9/16
CA8782527C3B30AEE0530B4214ACA205,2017,鲍晓芬,浙江省兰溪市第一中学,2017/8/9
CA8782527D2C30AEE0530B4214ACA205,2015,林雅,永康市第六中学,2015/8/3
CA8782527C7130AEE0530B4214ACA205,2017,杨妮茜,台州市白云中学,2017/8/9
CA8782527B6B30AEE0530B4214ACA205,2019,虞敏,台州市黄岩区北城街道中心小学,2019/8/14
CA8782527A9730AEE0530B4214ACA205,2021,包丹丹,浙师大杭幼师附属幼教集团,2021/7/20
CA87825279B130AEE0530B4214ACA205,2021,吴姣云,宁波市孔浦中学,2021/7/20
CA87825279AC30AEE0530B4214ACA205,2021,屠伟伟,杭州市旅游职业学校,2021/7/20
CA87825279C130AEE0530B4214ACA205,2021,高鹏,慈溪育才中学,2021/7/20
CA8782527BA030AEE0530B4214ACA205,2017,尹伟,杭州市求是教育集团,2017/8/9
CA8782527BD130AEE0530B4214ACA205,2017,沈新益,宁波市江北区中心幼儿园,2017/8/9
CA8782527ADA30AEE0530B4214ACA205,2019,应启明,宁波市慈湖中学,2019/8/14
CA8782527D7630AEE0530B4214ACA205,2013,应机巧,杭州学军中学,2013/8/27
CA8782527A2130AEE0530B4214ACA205,2021,郑荷囡,绍兴市上虞区鹤琴小学,2021/7/20
CA8782527AC330AEE0530B4214ACA205,2019,毛贝,宁波市奉化区城北中学,2019/8/14
CA8782527CC430AEE0530B4214ACA205,2015,沈勇,象山县技工学校,2015/8/3
CA8782527E5230AEE0530B4214ACA205,2011,方明,淳安中学,2011/9/16
CA8782527CD930AEE0530B4214ACA205,2015,陈启明,永嘉县职业中学,2015/8/3
CA8782527B4030AEE0530B4214ACA205,2019,洪燕茹,浙江省浦江中学,2019/8/14
CA8782527CD230AEE0530B4214ACA205,2015,张瑚,龙湾区永兴中学,2015/8/3
CA8782527BD930AEE0530B4214ACA205,2017,郑一舟,浙江省温州中学,2017/8/9
CA8782527BA230AEE0530B4214ACA205,2017,庞中治,杭州市十三中教育集团,2017/8/9
CA87825279EC30AEE0530B4214ACA205,2021,黄海燕,平阳县机关幼儿园,2021/7/20
CA8782527E9E30AEE0530B4214ACA205,2011,宋华良,秀洲区溪小学,2011/9/16
CA8782527D7030AEE0530B4214ACA205,2015,省直属（3人）,*,2015/8/3
CA87825279CB30AEE0530B4214ACA205,2021,屠艳宁,宁波市效实中学,2021/7/20
CA8782527D5C30AEE0530B4214ACA205,2015,徐玲玲,浙江省台州中学,2015/8/3
CA87825279E430AEE0530B4214ACA205,2021,徐婕妤,瑞安市马屿镇清祥小学,2021/7/20
CA8782527BD330AEE0530B4214ACA205,2017,葛云龙,宁海县高级职业技术中心学校,2017/8/9
CA8782527C1530AEE0530B4214ACA205,2017,涂卫国,安吉县实验小学,2017/8/9
CA8782527C8D30AEE0530B4214ACA205,2015,俞晴雯,杭州市行知中学,2015/8/3
CA8782527B3530AEE0530B4214ACA205,2019,刘晓庆,浙江省柯桥中学,2019/8/14
CA8782527A5430AEE0530B4214ACA205,2021,王燕飞,浙江省衢州第一中学,2021/7/20
CA8782527B8D30AEE0530B4214ACA205,2019,李海兵,台州市白云中学,2019/8/14
CA8782527AED30AEE0530B4214ACA205,2019,芮彩凤,平阳县职业教育中心,2019/8/14
CA8782527BAD30AEE0530B4214ACA205,2017,周林锋,浙江省富阳中学,2017/8/9
CA8782527CF930AEE0530B4214ACA205,2015,姚忠杰,海宁市职业高级中学,2015/8/3
CA8782527ED130AEE0530B4214ACA205,2011,许琰莹,东阳市聋哑学校,2011/9/16
CA8782527C5830AEE0530B4214ACA205,2017,吴小林,庆元县大济小学,2017/8/9
CA8782527C6930AEE0530B4214ACA205,2017,杨洁,温岭市中心幼儿园,2017/8/9
CA8782527E9130AEE0530B4214ACA205,2011,颜丽函,洞头县东屏小学,2011/9/16
CA8782527DAD30AEE0530B4214ACA205,2013,蔡斌峰,奉化市实验中学,2013/8/27
CA878252799430AEE0530B4214ACA205,2021,汤晓龙,杭州市萧山区世纪实验小学,2021/7/20
CA8782527C6B30AEE0530B4214ACA205,2017,陈安顺,玉环县芦浦镇中心小学,2017/8/9
CA8782527CED30AEE0530B4214ACA205,2015,林光第,温州市第八中学,2015/8/3
CA8782527CAC30AEE0530B4214ACA205,2015,李静,宁波市海曙区广济中心小学,2015/8/3
CA8782527B4F30AEE0530B4214ACA205,2019,吴文杰,浦江县实验小学,2019/8/14
CA87825279E230AEE0530B4214ACA205,2021,王盈盈,瑞安市塘下镇鲍田中学,2021/7/20
CA8782527A7830AEE0530B4214ACA205,2021,陈雪敏,浙江省三门中学,2021/7/20
CA8782527E1F30AEE0530B4214ACA205,2013,阮林萍,黄岩区院桥镇北小学,2013/8/27
CA87825279C930AEE0530B4214ACA205,2021,奚旭琼,象山县培智学校,2021/7/20
CA8782527B8930AEE0530B4214ACA205,2019,徐槟,丽水市职业高级中学,2019/8/14
CA8782527E8030AEE0530B4214ACA205,2011,张建攀,乐清市芙蓉中学,2011/9/16
CA8782527C7B30AEE0530B4214ACA205,2017,曾文艺,嵊泗中学,2017/8/9
CA8782527A4530AEE0530B4214ACA205,2021,俞奇伟,浙江金华第一中学,2021/7/20
CA8782527B4630AEE0530B4214ACA205,2019,谢忠良,浙江金华第一中学,2019/8/14
CA8782527A7030AEE0530B4214ACA205,2021,林玲,温岭市城北小学,2021/7/20
CA8782527CDC30AEE0530B4214ACA205,2015,郭妍妍,洞头县第一中学,2015/8/3
CA8782527A0730AEE0530B4214ACA205,2021,沈莹琪,湖州新世纪外国语学校,2021/7/20
CA87825279A430AEE0530B4214ACA205,2021,邓丽君,建德市新安江职业学校,2021/7/20
CA8782527AF730AEE0530B4214ACA205,2019,黄亦娜,乐清市实验小学,2019/8/14
CA8782527CE330AEE0530B4214ACA205,2015,郑建锋,泰顺县第二实验小学,2015/8/3
CA8782527ECC30AEE0530B4214ACA205,2011,姚晓芳,金华师范学校附属小学,2011/9/16
CA8782527CFD30AEE0530B4214ACA205,2015,徐建利,桐乡市实验中学,2015/8/3
CA8782527D7C30AEE0530B4214ACA205,2013,陈辉,杭州市新华实验幼托园,2013/8/27
CA8782527D8430AEE0530B4214ACA205,2013,陈柯钦,浙江省萧山中学,2013/8/27
CA8782527EF730AEE0530B4214ACA205,2011,张新华,天台中学,2011/9/16
CA8782527CC030AEE0530B4214ACA205,2015,胡文洁,奉化高级中学,2015/8/3
CA8782527E2230AEE0530B4214ACA205,2013,王万丰,路桥实验中学,2013/8/27
CA8782527EBD30AEE0530B4214ACA205,2011,袁媛,新昌县实验小学,2011/9/16
CA8782527E0D30AEE0530B4214ACA205,2013,邓伶俐,衢州中等专业学校,2013/8/27
CA8782527AB630AEE0530B4214ACA205,2019,练倩宇,杭州市富阳区银湖街道受降小学,2019/8/14
CA8782527ACD30AEE0530B4214ACA205,2019,沈继光,宁波市鄞州实验中学,2019/8/14
CA8782527C6230AEE0530B4214ACA205,2017,许月桂,临海市中等职业技术学校,2017/8/9
CA8782527BD230AEE0530B4214ACA205,2017,蒋岚,宁波市鄞州区特殊教育中心学校,2017/8/9
CA8782527DC630AEE0530B4214ACA205,2013,邓婉雁,平阳县昆阳镇第一小学,2013/8/27
CA8782527B2B30AEE0530B4214ACA205,2019,俞超,绍兴市蕺山中心小学,2019/8/14
CA8782527B9630AEE0530B4214ACA205,2017,宣琪,杭州市电子信息职业学校,2017/8/9
CA8782527E4030AEE0530B4214ACA205,2011,郑亚敏,江干区采荷实验教育集团,2011/9/16
CA8782527A5030AEE0530B4214ACA205,2021,王官勋,浙江省江山中学,2021/7/20
CA8782527B7030AEE0530B4214ACA205,2019,吴海英,临海市杜桥实验中学,2019/8/14
CA8782527DFD30AEE0530B4214ACA205,2013,任倩,金华市宾虹小学,2013/8/27
CA8782527C2730AEE0530B4214ACA205,2017,袁启木,诸暨市牌头中学,2017/8/9
CA8782527B7830AEE0530B4214ACA205,2019,杨帆,玉环市中等职业技术学校,2019/8/14
CA8782527BF530AEE0530B4214ACA205,2017,叶托,温州市建设小学,2017/8/9
CA8782527E2030AEE0530B4214ACA205,2013,鲍立军,黄岩区实验中学,2013/8/27
CA8782527CCB30AEE0530B4214ACA205,2015,冯静叶,宁波市特殊教育中心学校,2015/8/3
CA8782527CEA30AEE0530B4214ACA205,2015,杨洲,温州市第七中学,2015/8/3
CA8782527A8C30AEE0530B4214ACA205,2021,陈显珍,松阳县赤寿乡中心小学,2021/7/20
CA8782527D8730AEE0530B4214ACA205,2013,朱华峰,杭州市余杭高级中学,2013/8/27
CA87825279E330AEE0530B4214ACA205,2021,郑建成,瑞安市上望第二小学,2021/7/20
CA8782527A2E30AEE0530B4214ACA205,2021,陈红霞,金华市第五中学,2021/7/20
CA8782527A9630AEE0530B4214ACA205,2021,潘琳琳,拉萨那曲高级中学,2021/7/20
CA8782527C2330AEE0530B4214ACA205,2017,金嵩洲,浙江省春晖中学,2017/8/9
CA87825279C630AEE0530B4214ACA205,2021,葛雪珍,宁海县潘天寿中学,2021/7/20
CA8782527E2D30AEE0530B4214ACA205,2013,汤有国,天台中学,2013/8/27
CA878252798930AEE0530B4214ACA205,2021,杨欣,杭州市笕正小学,2021/7/20
CA8782527DB630AEE0530B4214ACA205,2013,孙茴,温州市第二中学,2013/8/27
CA87825279C530AEE0530B4214ACA205,2021,姜宁宁,余姚中学,2021/7/20
CA8782527C9F30AEE0530B4214ACA205,2015,方芝华,淳安县威坪镇方宅完全小学,2015/8/3
CA8782527B9730AEE0530B4214ACA205,2017,钟霄蕾,杭州市美术职业学校,2017/8/9
CA8782527E6230AEE0530B4214ACA205,2011,张碧荣,宁波市效实中学,2011/9/16
CA8782527E9A30AEE0530B4214ACA205,2011,王红梅,嘉善高级中学,2011/9/16
CA8782527EEC30AEE0530B4214ACA205,2011,蔡晓佳,临海市回浦中学,2011/9/16
CA8782527D1630AEE0530B4214ACA205,2015,姚小清,上虞区爱弥儿幼儿园,2015/8/3
CA8782527D8530AEE0530B4214ACA205,2013,谭柳英,萧山区高桥小学,2013/8/27
CA8782527E1C30AEE0530B4214ACA205,2013,陈一军,台州市第一中学,2013/8/27
CA8782527E6630AEE0530B4214ACA205,2011,傅前达,奉化市萧王庙中学,2011/9/16
CA8782527C1F30AEE0530B4214ACA205,2017,冯朱敏,绍兴市越城区马山镇中心小学,2017/8/9
CA8782527AD430AEE0530B4214ACA205,2019,陈丽玲,余姚市特教中心,2019/8/14
CA8782527EDE30AEE0530B4214ACA205,2011,朱梅芬,丽水市职业高级中学,2011/9/16
CA8782527CEE30AEE0530B4214ACA205,2015,郑碎飞,温州市实验小学,2015/8/3
CA87825279D930AEE0530B4214ACA205,2021,任佩如,温州市瓯海区潘桥中学,2021/7/20
CA8782527DC230AEE0530B4214ACA205,2013,张再益,瑞安市职业中等专业教育集团学校,2013/8/27
CA8782527A2B30AEE0530B4214ACA205,2021,吴铠波,嵊州市中等职业技术学校,2021/7/20
CA8782527B0830AEE0530B4214ACA205,2019,朱芒芒,温州市第四幼儿园,2019/8/14
CA878252798730AEE0530B4214ACA205,2021,马林,杭州市永天实验小学,2021/7/20
CA8782527C5C30AEE0530B4214ACA205,2017,蓝小燕,丽水市实验幼儿园教育集团,2017/8/9
CA8782527E0630AEE0530B4214ACA205,2013,孙争艳,东阳市江北初中,2013/8/27
CA8782527BC130AEE0530B4214ACA205,2017,郑瑞,宁波市鄞州区董玉娣中学,2017/8/9
CA8782527BC430AEE0530B4214ACA205,2017,洪亚纯,宁波市新城第一实验学校,2017/8/9
CA8782527E2F30AEE0530B4214ACA205,2013,蒋燕萍,仙居安洲小学,2013/8/27
CA8782527E5F30AEE0530B4214ACA205,2011,宋捷,宁波中学,2011/9/16
CA8782527CC130AEE0530B4214ACA205,2015,李跃发,宁海中学,2015/8/3
CA8782527A6030AEE0530B4214ACA205,2021,陈霞,台州市学院路小学,2021/7/20
CA8782527A5E30AEE0530B4214ACA205,2021,周凌君,台州学院椒江附属中学,2021/7/20
CA8782527B3B30AEE0530B4214ACA205,2019,徐桂梅,武义县壶山小学,2019/8/14
CA8782527D9A30AEE0530B4214ACA205,2013,刘清泉,镇海蛟川书院,2013/8/27
CA8782527C8630AEE0530B4214ACA205,2015,汤亚梅,杭州市安吉路实验学校,2015/8/3
CA8782527B6230AEE0530B4214ACA205,2019,黄h,舟山职业技术学校,2019/8/14
CA8782527B6730AEE0530B4214ACA205,2019,杨丹,台州市黄岩第二高级中学,2019/8/14
CA8782527DB330AEE0530B4214ACA205,2013,郑建铭,温州市第二外国语学校,2013/8/27
CA8782527EF130AEE0530B4214ACA205,2011,阮庆元,温岭市第三中学,2011/9/16
CA8782527C9230AEE0530B4214ACA205,2015,马珏,杭州市西溪实验学校,2015/8/3
CA8782527DB130AEE0530B4214ACA205,2013,任婷,温州市实验小学,2013/8/27
CA8782527C5D30AEE0530B4214ACA205,2017,杨松,椒江职业中专,2017/8/9
CA87825279B230AEE0530B4214ACA205,2021,张路,宁波市鄞州区第二实验小学,2021/7/20
CA87825279F130AEE0530B4214ACA205,2021,黄少微,苍南县江滨实验小学,2021/7/20
CA8782527D2D30AEE0530B4214ACA205,2015,程启明,永康市外国语学校,2015/8/3
CA87825279A730AEE0530B4214ACA205,2021,李海青,杭州高级中学,2021/7/20
CA8782527D7930AEE0530B4214ACA205,2013,郭雪松,杭州市服装职业高级中学,2013/8/27
CA8782527A6130AEE0530B4214ACA205,2021,章志远,台州市黄岩区樊川书院教育集团,2021/7/20
CA87825279F630AEE0530B4214ACA205,2021,吴时月,浙江省温州中学,2021/7/20
CA8782527B1430AEE0530B4214ACA205,2019,储天虎,安吉县高级中学,2019/8/14
CA8782527DDB30AEE0530B4214ACA205,2013,张云峰,海宁市南苑小学,2013/8/27
CA8782527D1D30AEE0530B4214ACA205,2015,张小丽,嵊州市剡溪小学,2015/8/3
CA8782527BFE30AEE0530B4214ACA205,2017,奚素文,嘉兴市第一中学,2017/8/9
CA8782527AE230AEE0530B4214ACA205,2019,董怡呈,宁波经贸学校,2019/8/14
CA8782527B7730AEE0530B4214ACA205,2019,徐招茂,玉环中学,2019/8/14
CA8782527DA330AEE0530B4214ACA205,2013,邬兆宇,鄞州高级中学,2013/8/27
CA8782527DF330AEE0530B4214ACA205,2013,范立军,上虞市丰惠镇中心小学,2013/8/27
CA8782527EC330AEE0530B4214ACA205,2011,张弘,浙江金华第一中学,2011/9/16
CA8782527D8D30AEE0530B4214ACA205,2013,张文博,临安市昌化中学,2013/8/27
CA8782527D2230AEE0530B4214ACA205,2015,王清,绍兴市镜湖中学,2015/8/3
CA87825279EB30AEE0530B4214ACA205,2021,温正喜,平阳县职业中等专业学校,2021/7/20
CA8782527E2430AEE0530B4214ACA205,2013,金海波,临海市桃渚镇中心校,2013/8/27
CA8782527CEF30AEE0530B4214ACA205,2015,黄锦秀,温州市特殊教育学校,2015/8/3
CA8782527B6130AEE0530B4214ACA205,2019,贺彦斌,舟山市普陀区东港中学,2019/8/14
CA8782527BB230AEE0530B4214ACA205,2017,夏安腊,浙江省严州中学,2017/8/9
CA8782527A6A30AEE0530B4214ACA205,2021,陈君英,临海市杜桥镇中心校,2021/7/20
CA8782527ACB30AEE0530B4214ACA205,2019,苏旦旦,象山县石浦中学,2019/8/14
CA8782527DAC30AEE0530B4214ACA205,2013,李军杰,奉化中学,2013/8/27
CA8782527EED30AEE0530B4214ACA205,2011,朱耕深,临海市中等职技校,2011/9/16
CA8782527AF830AEE0530B4214ACA205,2019,王敏燕,平阳县中心小学,2019/8/14
CA8782527D7E30AEE0530B4214ACA205,2013,赵海峰,杭州市采荷第二小学,2013/8/27
CA8782527ED830AEE0530B4214ACA205,2011,郑莉,江山市城北中学,2011/9/16
CA8782527EFA30AEE0530B4214ACA205,2011,郑磊瑛,市机关幼儿园,2011/9/16
CA8782527A0230AEE0530B4214ACA205,2021,郑萍,浙江省长兴中学,2021/7/20
CA8782527EB530AEE0530B4214ACA205,2011,孟军华,诸暨市应店街镇中心小学,2011/9/16
CA8782527CEB30AEE0530B4214ACA205,2015,卢陈婵,温州市职业中等专业学校,2015/8/3
CA8782527A6C30AEE0530B4214ACA205,2021,江志云,温岭中学,2021/7/20
CA8782527A5530AEE0530B4214ACA205,2021,刘春生,浙江省衢州第二中学,2021/7/20
CA8782527B9C30AEE0530B4214ACA205,2017,伍小斌,杭州师范大学东城中学,2017/8/9
CA8782527DEE30AEE0530B4214ACA205,2013,王立军,绍兴县柯桥中学,2013/8/27
CA878252798B30AEE0530B4214ACA205,2021,王亚芬,杭州市和睦小学,2021/7/20
CA8782527C2430AEE0530B4214ACA205,2017,傅佳俊,绍兴市上虞区阳光学校,2017/8/9
CA8782527A4730AEE0530B4214ACA205,2021,黄强,浙江商贸学校,2021/7/20
CA8782527B8330AEE0530B4214ACA205,2019,朱丽红,庆元县第二中学,2019/8/14
CA8782527A0930AEE0530B4214ACA205,2021,黄未萌,嘉兴市第二幼儿园,2021/7/20
CA8782527E4630AEE0530B4214ACA205,2011,陈萍,杭州市闻涛小学,2011/9/16
CA8782527D9530AEE0530B4214ACA205,2013,王婉宇,宁波外事学校,2013/8/27
CA8782527D8A30AEE0530B4214ACA205,2013,丁健,富阳市富春第一幼儿园,2013/8/27
CA8782527E1830AEE0530B4214ACA205,2013,周旭霞,松阳一中,2013/8/27
CA8782527D7A30AEE0530B4214ACA205,2013,汪h,杭州崇文实验学校,2013/8/27
CA8782527AC730AEE0530B4214ACA205,2019,曹岑,宁波市海曙外国语学校,2019/8/14
CA8782527E2730AEE0530B4214ACA205,2013,陈林龙,温岭中学,2013/8/27
CA8782527DF230AEE0530B4214ACA205,2013,徐建林,诸暨市第二高中,2013/8/27
CA8782527E7D30AEE0530B4214ACA205,2011,徐海龙,温州中学,2011/9/16
CA8782527B1E30AEE0530B4214ACA205,2019,王彦军,海盐高级中学,2019/8/14
CA8782527D7530AEE0530B4214ACA205,2013,朱文博,浙江省杭州第二中学,2013/8/27
CA8782527C4430AEE0530B4214ACA205,2017,王帅,东阳市外国语小学,2017/8/9
CA8782527CEC30AEE0530B4214ACA205,2015,杨凡虹,温州市第十二中学,2015/8/3
CA87825279D830AEE0530B4214ACA205,2021,陈冬峰,温州市瓯海职业中专集团学校,2021/7/20
CA8782527C0430AEE0530B4214ACA205,2017,计晓敏,嘉兴市阳光小学,2017/8/9
CA8782527A9330AEE0530B4214ACA205,2021,褚楚,阿克苏市实验中学,2021/7/20
CA8782527C8C30AEE0530B4214ACA205,2015,郁明,杭州市莫干山路小学,2015/8/3
CA8782527ED230AEE0530B4214ACA205,2011,李调,金华市汤溪高级中学,2011/9/16
CA8782527A2930AEE0530B4214ACA205,2021,徐萍,嵊州市剡山小学,2021/7/20
CA8782527C9B30AEE0530B4214ACA205,2015,于江,浙江省桐庐中学,2015/8/3
CA8782527DC730AEE0530B4214ACA205,2013,李存业,平阳县职业中等专业学校,2013/8/27
CA8782527E8230AEE0530B4214ACA205,2011,任建华,瑞安市职业中专,2011/9/16
CA8782527AB830AEE0530B4214ACA205,2019,唐丽君,杭州市临安区高虹镇中心幼儿园,2019/8/14
CA8782527BBA30AEE0530B4214ACA205,2017,徐佩璐,鄞州中学,2017/8/9
CA8782527ACE30AEE0530B4214ACA205,2019,陈硕,宁波市鄞州区首南街道中心初级中学,2019/8/14
CA87825279BC30AEE0530B4214ACA205,2021,王芳,宁波市北仑中学,2021/7/20
CA8782527B2F30AEE0530B4214ACA205,2019,张颖,上虞区丰惠镇中学,2019/8/14
CA8782527E9030AEE0530B4214ACA205,2011,吴恢銮,平阳县昆阳镇第一小学,2011/9/16
CA8782527CBA30AEE0530B4214ACA205,2015,沈德良,余姚中学,2015/8/3
CA8782527C3330AEE0530B4214ACA205,2017,雷霏雯,义乌市国际商贸学校,2017/8/9
CA8782527BD530AEE0530B4214ACA205,2017,任枫,宁波市职教中心学校,2017/8/9
CA8782527A3A30AEE0530B4214ACA205,2021,陈辉,浙江省永康市第一中学,2021/7/20
CA8782527EEF30AEE0530B4214ACA205,2011,方玲华,临海小学,2011/9/16
CA8782527C4930AEE0530B4214ACA205,2017,廖如舟,衢州二中,2017/8/9
CA8782527DE030AEE0530B4214ACA205,2013,蒋芸,湖州市第十一中学,2013/8/27
CA8782527B8130AEE0530B4214ACA205,2019,郑惜,遂昌县实验小学,2019/8/14
CA8782527BBC30AEE0530B4214ACA205,2017,沈兴伟,宁波市镇海中学,2017/8/9
CA8782527D0830AEE0530B4214ACA205,2015,黄玉平,长兴县吕山中心小学,2015/8/3
CA8782527D9630AEE0530B4214ACA205,2013,王霞,宁波市职教中心学校,2013/8/27
CA8782527CCE30AEE0530B4214ACA205,2015,郑小侠,瓯海中学,2015/8/3
CA8782527AAF30AEE0530B4214ACA205,2019,刘春江,杭州市文海实验学校,2019/8/14
CA8782527A0830AEE0530B4214ACA205,2021,朱利俪,嘉兴市南湖区大桥镇中心小学,2021/7/20
CA8782527C1930AEE0530B4214ACA205,2017,杨祖艳,练市镇第一中学,2017/8/9
CA8782527AB030AEE0530B4214ACA205,2019,李琼霞,杭州市萧山区第三高级中学,2019/8/14
CA8782527A3330AEE0530B4214ACA205,2021,李倩倩,东阳市第二高级中学,2021/7/20
CA8782527AB130AEE0530B4214ACA205,2019,钱敏超,萧山区楼塔镇中心小学,2019/8/14
CA8782527E9F30AEE0530B4214ACA205,2011,徐晓良,海宁市实验小学,2011/9/16
CA8782527DFF30AEE0530B4214ACA205,2013,柳翠华,金东实验小学,2013/8/27
CA8782527B9030AEE0530B4214ACA205,2019,黄维,嘉兴市第四高级中学,2019/8/14
CA8782527D3430AEE0530B4214ACA205,2015,赵康平,金华市江滨小学,2015/8/3
CA8782527C3130AEE0530B4214ACA205,2017,余海东,义乌市第四中学,2017/8/9
CA8782527DFC30AEE0530B4214ACA205,2013,王红良,金华市外国语学校,2013/8/27
CA8782527A1B30AEE0530B4214ACA205,2021,赵荻燕,绍兴市聋哑学校,2021/7/20
CA8782527ED530AEE0530B4214ACA205,2011,朱彩娥,柯城区实验小学,2011/9/16
CA87825279E830AEE0530B4214ACA205,2021,葛朝旭,永嘉县瓯北中心小学,2021/7/20
CA8782527A6F30AEE0530B4214ACA205,2021,张敏,温岭市锦园小学,2021/7/20
CA8782527E2930AEE0530B4214ACA205,2013,梁小佩,温岭市锦园小学,2013/8/27
CA8782527D2930AEE0530B4214ACA205,2015,童红东,兰溪市官塘中心小学,2015/8/3
CA8782527CF830AEE0530B4214ACA205,2015,何月丰,海盐县实验小学教育集团,2015/8/3
CA8782527D8330AEE0530B4214ACA205,2013,孙志星,杭州市闻涛小学,2013/8/27
CA878252799630AEE0530B4214ACA205,2021,李海霞,浙江省萧山中学,2021/7/20
CA87825279D130AEE0530B4214ACA205,2021,伍海龙,温州市第十九中学,2021/7/20
CA8782527D2430AEE0530B4214ACA205,2015,卓建华,绍兴市中等专业学校,2015/8/3
CA8782527D5330AEE0530B4214ACA205,2015,罗安波,黄岩区新前中学,2015/8/3
CA8782527ABF30AEE0530B4214ACA205,2019,许珍,建德市明镜小学,2019/8/14
CA8782527E9430AEE0530B4214ACA205,2011,张汉,温州市广场路小学,2011/9/16
CA8782527B5230AEE0530B4214ACA205,2019,夏珊珊,金华实验中学,2019/8/14
CA8782527EC430AEE0530B4214ACA205,2011,蒋一平,浙江省东阳中学,2011/9/16
CA8782527AAA30AEE0530B4214ACA205,2019,包国勇,杭州市西湖小学教育集团,2019/8/14
CA8782527C6330AEE0530B4214ACA205,2017,马妙燕,临海市哲商小学,2017/8/9
CA8782527C2230AEE0530B4214ACA205,2017,张幼琴,绍兴市柯桥区漓渚镇中心小学,2017/8/9
CA8782527EAD30AEE0530B4214ACA205,2011,胡萍,湖州市安吉县实验初中,2011/9/16
CA8782527B0130AEE0530B4214ACA205,2019,鲁婧婧,温州市中通国际学校,2019/8/14
CA87825279D030AEE0530B4214ACA205,2021,陈丽伟,温州市实验中学,2021/7/20
CA8782527C2D30AEE0530B4214ACA205,2017,张吕莉,新昌县南明小学,2017/8/9
CA8782527D0A30AEE0530B4214ACA205,2015,有飞,安吉县杭垓小学教育集团,2015/8/3
CA8782527D0930AEE0530B4214ACA205,2015,黄益平,长兴县林城镇中心小学,2015/8/3
CA87825279DD30AEE0530B4214ACA205,2021,陈云富,浙江省乐清中学,2021/7/20
CA8782527BB030AEE0530B4214ACA205,2017,梅立盛,桐庐县富春江小学,2017/8/9
CA8782527AC530AEE0530B4214ACA205,2019,张佳慧,奉化区技工学校,2019/8/14
CA8782527CFF30AEE0530B4214ACA205,2015,沈志飞,桐乡市濮院小学教育集团翔云小学,2015/8/3
CA8782527E2530AEE0530B4214ACA205,2013,吴超玲,临海市回浦中学,2013/8/27
CA878252798F30AEE0530B4214ACA205,2021,翁一平,杭州市保m塔实验学校,2021/7/20
CA8782527EE830AEE0530B4214ACA205,2011,周甜甜,椒江区书生景元幼儿园,2011/9/16
CA8782527AC430AEE0530B4214ACA205,2019,邬盼盼,奉化龙津实验学校,2019/8/14
CA8782527D6D30AEE0530B4214ACA205,2015,黄明才,浙江省定海第一中学,2015/8/3
CA8782527EFC30AEE0530B4214ACA205,2011,余海群,普陀区职教中心,2011/9/16
CA8782527B2130AEE0530B4214ACA205,2019,吴丹凤,海宁市第一初级中学,2019/8/14
CA8782527EAA30AEE0530B4214ACA205,2011,俞昕,湖州市第二中学,2011/9/16
CA8782527CCD30AEE0530B4214ACA205,2015,林志辉,温州市营楼小学,2015/8/3
CA8782527ACF30AEE0530B4214ACA205,2019,姜怡萱,宁波市四眼\小学,2019/8/14
CA8782527A2330AEE0530B4214ACA205,2021,陈静,绍兴市上虞区职业中等专业学校,2021/7/20
CA8782527D0330AEE0530B4214ACA205,2015,陈勇,湖州市环渚乡塘甸小学,2015/8/3
CA8782527ABB30AEE0530B4214ACA205,2019,张华,浙江省桐庐中学,2019/8/14
CA8782527BCD30AEE0530B4214ACA205,2017,陈建林,宁海县西店镇中心小学,2017/8/9
CA8782527BF030AEE0530B4214ACA205,2017,李求宝,苍南县第三实验小学,2017/8/9
CA8782527DD330AEE0530B4214ACA205,2013,吴建伟,嘉兴市实验小学,2013/8/27
CA87825279DA30AEE0530B4214ACA205,2021,朱蕾,温州市瓯海区外国语学校,2021/7/20
CA8782527C7F30AEE0530B4214ACA205,2017,林建仁,拉萨那曲高级中学,2017/8/9
CA87825279FF30AEE0530B4214ACA205,2021,黎作民,湖州市爱山小学教育集团,2021/7/20
CA8782527E0830AEE0530B4214ACA205,2013,倪静川,永康市实验小学,2013/8/27
CA8782527DD530AEE0530B4214ACA205,2013,曹炯,嘉善县俞汇小学,2013/8/27
CA8782527C3E30AEE0530B4214ACA205,2017,林优,金华市第五中学,2017/8/9
CA8782527AE030AEE0530B4214ACA205,2019,梁耀,宁波市鄞州职业教育中心学校,2019/8/14
CA8782527B8830AEE0530B4214ACA205,2019,廖丽燕,青田县华侨幼儿园,2019/8/14
CA8782527A9E30AEE0530B4214ACA205,2019,夏嘉平,杭州市旅游职业学校,2019/8/14
CA8782527C3230AEE0530B4214ACA205,2017,金锦双,义乌市第四中学,2017/8/9
CA8782527B2230AEE0530B4214ACA205,2019,朱洪俊,海宁市高级中学,2019/8/14
CA8782527D1830AEE0530B4214ACA205,2015,梁淑敏,浙江省春晖中学,2015/8/3
CA87825279DB30AEE0530B4214ACA205,2021,林彩仑,温州市瓯海区南瓯实验小学,2021/7/20
CA8782527DE730AEE0530B4214ACA205,2013,刘遐,安吉机关幼儿园,2013/8/27
CA8782527CD130AEE0530B4214ACA205,2015,刘婵娟,瓯海区新桥小学教育集团学校,2015/8/3
CA8782527C0E30AEE0530B4214ACA205,2017,吴建玉,桐乡市代代康幼儿园,2017/8/9
CA8782527EC030AEE0530B4214ACA205,2011,谢澹,绍兴市第一中学,2011/9/16
CA8782527D9830AEE0530B4214ACA205,2013,郑丹丹,江北区红梅小学,2013/8/27
CA8782527E8130AEE0530B4214ACA205,2011,李曙强,乐清中学,2011/9/16
CA8782527C8930AEE0530B4214ACA205,2015,姚洁如,杭州市景芳中学,2015/8/3
CA8782527E5430AEE0530B4214ACA205,2011,梅晨霞,临安市晨曦小学,2011/9/16
CA8782527B8A30AEE0530B4214ACA205,2019,吴树生,建德市新安江第一小学,2019/8/14
CA87825279B330AEE0530B4214ACA205,2021,王璐,宁波市鄞州区云龙镇甲南小学,2021/7/20
CA8782527A5230AEE0530B4214ACA205,2021,余音音,开化县实验幼儿园,2021/7/20
CA8782527A9F30AEE0530B4214ACA205,2019,徐慧,杭州市人民政府机关幼儿园,2019/8/14
CA8782527A2630AEE0530B4214ACA205,2021,孟碧君,诸暨市暨阳初级中学,2021/7/20
CA8782527E9930AEE0530B4214ACA205,2011,赵宇慧,嘉兴市第一中学,2011/9/16
CA8782527C3930AEE0530B4214ACA205,2017,施文韬,永康市城西小学,2017/8/9
CA8782527C0D30AEE0530B4214ACA205,2017,李萍,桐乡市实验小学教育集团春晖小学,2017/8/9
CA8782527E4A30AEE0530B4214ACA205,2011,俞建锋,杭州市余杭高级中学,2011/9/16
CA8782527D7730AEE0530B4214ACA205,2013,周忠辉,杭州第十四中学,2013/8/27
CA8782527ED630AEE0530B4214ACA205,2011,徐峰,衢江区廿里中心小学,2011/9/16
CA8782527BF930AEE0530B4214ACA205,2017,林萍,苍南县第一实验小学,2017/8/9
CA8782527CBF30AEE0530B4214ACA205,2015,潘姝敏,余姚市实验幼儿园教育集团,2015/8/3
CA8782527CFE30AEE0530B4214ACA205,2015,陈贤德,桐乡市实验小学教育集团振东小学,2015/8/3
CA8782527D8830AEE0530B4214ACA205,2013,金哲,余杭区临平三中,2013/8/27
CA8782527E4730AEE0530B4214ACA205,2011,楼海红,萧山区第二高级中学,2011/9/16
CA8782527CF630AEE0530B4214ACA205,2015,卢晓华,平湖市当湖高级中学,2015/8/3
CA8782527A8A30AEE0530B4214ACA205,2021,胡潇文,缙云县实验幼儿园,2021/7/20
CA8782527C8030AEE0530B4214ACA205,2017,陈慧楠,浙江省级机关北山幼儿园,2017/8/9
CA8782527ADB30AEE0530B4214ACA205,2019,张佳慧,宁波市慈湖中学,2019/8/14
CA8782527CDA30AEE0530B4214ACA205,2015,范圣龙,永嘉县实验中学,2015/8/3
CA8782527C1E30AEE0530B4214ACA205,2017,沈鑫,绍兴市鲁迅小学教育集团,2017/8/9
CA8782527EA430AEE0530B4214ACA205,2011,陈亚军,桐乡市实验幼儿园,2011/9/16
CA8782527BB530AEE0530B4214ACA205,2017,许海燕,临安市博世凯实验小学,2017/8/9
CA8782527B5830AEE0530B4214ACA205,2019,汪慧丽,衢州市实验幼儿园,2019/8/14
CA8782527BE730AEE0530B4214ACA205,2017,吕小玲,温州市第二十一中学,2017/8/9
CA8782527DFE30AEE0530B4214ACA205,2013,宗笑,金华市实验幼儿园,2013/8/27
CA8782527D0E30AEE0530B4214ACA205,2015,潘勤芳,湖州市第一中学,2015/8/3
CA8782527E7130AEE0530B4214ACA205,2011,郁旭峰,宁波市北仑区实验小学,2011/9/16
CA8782527E6530AEE0530B4214ACA205,2011,陆琦,宁波市第七中学,2011/9/16
CA8782527E4230AEE0530B4214ACA205,2011,周华松,西湖区杭十三中教育集团,2011/9/16
CA8782527CB030AEE0530B4214ACA205,2015,邰英角,北仑区明港高级中学,2015/8/3
CA8782527D4530AEE0530B4214ACA205,2015,李丽红,龙泉市第一中学,2015/8/3
CA8782527D0030AEE0530B4214ACA205,2015,王晓丽,嘉兴市第一中学,2015/8/3
CA8782527D6330AEE0530B4214ACA205,2015,徐连弟,仙居县第二中学,2015/8/3
CA8782527CDF30AEE0530B4214ACA205,2015,应小敏,平阳县中心小学,2015/8/3
CA8782527AC630AEE0530B4214ACA205,2019,汪迟,海曙区古林镇中心初级中学,2019/8/14
CA8782527A8B30AEE0530B4214ACA205,2021,吴慧青,庆元县职业高级中学,2021/7/20
CA8782527A1A30AEE0530B4214ACA205,2021,沈兆钧,绍兴市中等专业学校,2021/7/20
CA8782527C8830AEE0530B4214ACA205,2015,凌俊,杭州市景成实验学校,2015/8/3
CA8782527A9A30AEE0530B4214ACA205,2019,齐国元,浙江省杭州第四中学,2019/8/14
CA8782527CD530AEE0530B4214ACA205,2015,干海通,乐清市虹桥镇实验中学,2015/8/3
CA8782527A7330AEE0530B4214ACA205,2021,林国荣,天台县职业中等专业学校,2021/7/20
CA8782527DC830AEE0530B4214ACA205,2013,周良军,苍南县灵溪二高,2013/8/27
CA878252799A30AEE0530B4214ACA205,2021,周超,杭州市临平职业高级中学,2021/7/20
CA8782527EE130AEE0530B4214ACA205,2011,雷艳芬,龙泉实验小学,2011/9/16
CA8782527E6730AEE0530B4214ACA205,2011,赵梁杰,宁波市鄞州区宋诏桥中学,2011/9/16
CA8782527AD730AEE0530B4214ACA205,2019,陈科钧,宁波市镇海中学,2019/8/14
CA8782527E4C30AEE0530B4214ACA205,2011,吕立峰,富阳市实验小学,2011/9/16
CA8782527AB530AEE0530B4214ACA205,2019,骆文俊,浙江省富阳中学,2019/8/14
CA8782527C8E30AEE0530B4214ACA205,2015,葛元钟,杭州康桥中学,2015/8/3
CA8782527D7B30AEE0530B4214ACA205,2013,黄臻,杭州市青春中学,2013/8/27
CA8782527B9830AEE0530B4214ACA205,2017,王林慧,杭州市天长小学,2017/8/9
CA8782527CDB30AEE0530B4214ACA205,2015,徐大彬,永嘉县岩头镇鲤溪小学,2015/8/3
CA878252799C30AEE0530B4214ACA205,2021,邵传强,浙江省富阳中学,2021/7/20
CA8782527A5930AEE0530B4214ACA205,2021,王楷胤,定海区柳行中心小学,2021/7/20
CA8782527C3A30AEE0530B4214ACA205,2017,陈雅君,永康市特殊教育学校,2017/8/9
CA8782527E4130AEE0530B4214ACA205,2011,朱红霞,江干区采荷一小教育集团,2011/9/16
CA8782527EF330AEE0530B4214ACA205,2011,滕敏霞,温岭市横湖小学,2011/9/16
CA8782527E2130AEE0530B4214ACA205,2013,陈双,路桥中学,2013/8/27
CA8782527AE530AEE0530B4214ACA205,2019,陈盛益,苍南县灵溪中学,2019/8/14
CA8782527B7130AEE0530B4214ACA205,2019,陈孝撑,临海市大洋小学,2019/8/14
CA8782527DA830AEE0530B4214ACA205,2013,侯燕妍,鄞州区宋诏桥小学,2013/8/27
CA87825279A530AEE0530B4214ACA205,2021,汤飞梅,杭州钱塘新区义蓬第四小学,2021/7/20
CA87825279B430AEE0530B4214ACA205,2021,陆佳丰,宁波市鄞州区江东中心小学,2021/7/20
CA8782527D3530AEE0530B4214ACA205,2015,邓福生,浙江省金华第一中学,2015/8/3
CA8782527BEC30AEE0530B4214ACA205,2017,刘荃,温州市南浦实验中学,2017/8/9
CA8782527EA830AEE0530B4214ACA205,2011,李芳,湖州市南浔镇中心幼儿园,2011/9/16
CA8782527A8830AEE0530B4214ACA205,2021,沈玮炜,缙云县实验小学,2021/7/20
CA8782527CA630AEE0530B4214ACA205,2015,赵琦,杭州第九中学,2015/8/3
CA8782527DB930AEE0530B4214ACA205,2013,郑和,温州市龙湾区第二幼儿园,2013/8/27
CA8782527DCB30AEE0530B4214ACA205,2013,单志明,永嘉县实验小学,2013/8/27
CA8782527C9930AEE0530B4214ACA205,2015,施牡丹,杭州市富阳区永兴学校,2015/8/3
CA87825279E130AEE0530B4214ACA205,2021,张瑞祥,瑞安市塘下职业中等专业学校,2021/7/20
CA8782527BE630AEE0530B4214ACA205,2017,陈蕾,温州市特殊教育学校,2017/8/9
CA8782527D5230AEE0530B4214ACA205,2015,卢小燕,台州市第一中学,2015/8/3
CA8782527D6530AEE0530B4214ACA205,2015,曾志升,温岭市太平小学,2015/8/3
CA8782527BDE30AEE0530B4214ACA205,2017,肖云豹,温州市龙湾中学,2017/8/9
CA8782527D0B30AEE0530B4214ACA205,2015,黄欢,安吉县高级中学,2015/8/3
CA8782527E8F30AEE0530B4214ACA205,2011,黄开选,苍南县宜山小学,2011/9/16
CA8782527BB130AEE0530B4214ACA205,2017,李晓,浙江省桐庐中学,2017/8/9
CA8782527BF630AEE0530B4214ACA205,2017,王小梅,瑞安市马鞍山实验小学,2017/8/9
CA8782527BC830AEE0530B4214ACA205,2017,杨娜,宁波外国语学校,2017/8/9
CA8782527B3930AEE0530B4214ACA205,2019,蔡菊琴,绍兴市中等专业学校,2019/8/14
CA8782527EA630AEE0530B4214ACA205,2011,郭美阳,湖师附小教育集团,2011/9/16
CA8782527BBF30AEE0530B4214ACA205,2017,陈玉梅,宁波市效实中学,2017/8/9
CA8782527E2A30AEE0530B4214ACA205,2013,陈军辉,温岭中学,2013/8/27
CA8782527A7930AEE0530B4214ACA205,2021,陈佳,浙江省三门中学,2021/7/20
CA8782527C4D30AEE0530B4214ACA205,2017,毛伟建,柯城区九华乡中心小学,2017/8/9
CA8782527DE230AEE0530B4214ACA205,2013,陆燕海,德清高级中学,2013/8/27
CA8782527AC830AEE0530B4214ACA205,2019,黄仕明,宁波科学中学,2019/8/14
CA8782527C3530AEE0530B4214ACA205,2017,施锡桂,永康市第二中学,2017/8/9
CA8782527A9230AEE0530B4214ACA205,2021,王挺,库车阳明小学,2021/7/20
CA8782527D5B30AEE0530B4214ACA205,2015,朱晓群,临海市外国语学校,2015/8/3
CA8782527C4E30AEE0530B4214ACA205,2017,孔艳玲,衢州三中,2017/8/9
CA8782527E0A30AEE0530B4214ACA205,2013,赵海亮,浙江省衢州第一中学,2013/8/27
CA8782527DE530AEE0530B4214ACA205,2013,朱亚芬,安吉天略外国语学校,2013/8/27
CA8782527DFB30AEE0530B4214ACA205,2013,杨兴新,金华市高级技工学校,2013/8/27
CA8782527ED730AEE0530B4214ACA205,2011,夏雁,龙游县实验幼儿园,2011/9/16
CA8782527CC330AEE0530B4214ACA205,2015,付丽雁,象山中学,2015/8/3
CA8782527F0230AEE0530B4214ACA205,2011,杜洪,浙江省盲人学校,2011/9/16
CA8782527D5430AEE0530B4214ACA205,2015,吴乐佳,黄岩区樊川小学,2015/8/3
CA8782527D1530AEE0530B4214ACA205,2015,王群,柯桥区职教中心,2015/8/3
CA8782527E7C30AEE0530B4214ACA205,2011,苏德超,温州中学,2011/9/16
CA8782527A4A30AEE0530B4214ACA205,2021,金沈芝,衢州市柯城区巨化中学,2021/7/20
CA8782527CA130AEE0530B4214ACA205,2015,余晓玮,建德市大慈岩中心小学,2015/8/3
CA8782527B9E30AEE0530B4214ACA205,2017,何萍,杭州市湖墅学校,2017/8/9
CA8782527E6930AEE0530B4214ACA205,2011,毛金莲,余姚市长安小学,2011/9/16
CA8782527DEA30AEE0530B4214ACA205,2013,杨红花,绍兴市聋哑学校,2013/8/27
CA8782527D1930AEE0530B4214ACA205,2015,周玉平,诸暨市实验幼儿园教育集团,2015/8/3
CA8782527A4230AEE0530B4214ACA205,2021,徐晨露,磐安县第二中学,2021/7/20
CA8782527A7C30AEE0530B4214ACA205,2021,陈霞丽,莲都区囿山小学,2021/7/20
CA8782527D8630AEE0530B4214ACA205,2013,钟玲芳,萧山区高桥初级中学,2013/8/27
CA8782527CF030AEE0530B4214ACA205,2015,朱希杰,嘉兴市实验小学,2015/8/3
CA8782527E4530AEE0530B4214ACA205,2011,鲁新民,杭州市长征中学,2011/9/16
CA8782527CCC30AEE0530B4214ACA205,2015,林丛,温州市瓦市小学,2015/8/3
CA8782527C4030AEE0530B4214ACA205,2017,潘东红,浦江县实验小学,2017/8/9
CA8782527D3830AEE0530B4214ACA205,2015,陶涛,金华市实验幼儿园,2015/8/3
CA8782527C1C30AEE0530B4214ACA205,2017,傅卫莉,绍兴市中等专业学校,2017/8/9
CA8782527B6630AEE0530B4214ACA205,2019,汪俊梁,台州市路桥中学,2019/8/14
CA8782527AD630AEE0530B4214ACA205,2019,周思臾,宁波市镇海中学,2019/8/14
CA8782527DA730AEE0530B4214ACA205,2013,林将毅,鄞州职业教育中心学校,2013/8/27
CA8782527C9C30AEE0530B4214ACA205,2015,滕雷锋,桐庐县旧县中心学校,2015/8/3
CA8782527C3430AEE0530B4214ACA205,2017,贾洪华,金华市宾虹小学,2017/8/9
CA8782527D6730AEE0530B4214ACA205,2015,王燕萍,定海区廷佐小学,2015/8/3
CA8782527EA230AEE0530B4214ACA205,2011,钱锋,平湖市东湖小学,2011/9/16
CA8782527A4B30AEE0530B4214ACA205,2021,孙有军,衢州市衢江区莲花镇初级中学,2021/7/20
CA8782527D2A30AEE0530B4214ACA205,2015,赵雪燕,东阳中学,2015/8/3
CA8782527B8730AEE0530B4214ACA205,2019,王鑫,云和县云和中学,2019/8/14
CA8782527D0230AEE0530B4214ACA205,2015,孟广斐,嘉兴技师学院,2015/8/3
CA8782527DD630AEE0530B4214ACA205,2013,徐仁达,平湖市广陈中学,2013/8/27
CA8782527D2130AEE0530B4214ACA205,2015,刘苗,绍兴市元培中学,2015/8/3
CA8782527D6B30AEE0530B4214ACA205,2015,钱琰彦,嵊泗县初级中学,2015/8/3
CA8782527A5D30AEE0530B4214ACA205,2021,严海珍,舟山职业技术学校,2021/7/20
CA8782527AF030AEE0530B4214ACA205,2019,谢海青,泰顺县罗阳二中,2019/8/14
CA8782527A8130AEE0530B4214ACA205,2021,叶霖旭,青田县腊口镇石帆学校教育集团,2021/7/20
CA8782527D8E30AEE0530B4214ACA205,2013,陈明霞,临安市天目初级中学,2013/8/27
CA87825279D330AEE0530B4214ACA205,2021,李浩,温州市广场路小学,2021/7/20
CA8782527AA830AEE0530B4214ACA205,2019,汤佳绮,杭州市文三教育集团,2019/8/14
CA8782527C4C30AEE0530B4214ACA205,2017,蒋舜,柯城区教工幼儿园,2017/8/9
CA8782527D2830AEE0530B4214ACA205,2015,于淑丹,金东区孝顺镇初级中学,2015/8/3
CA8782527B9F30AEE0530B4214ACA205,2017,沈华,杭州市文澜中学,2017/8/9
CA87825279D630AEE0530B4214ACA205,2021,王洁,温州市龙湾区实验中学,2021/7/20
CA8782527B3A30AEE0530B4214ACA205,2019,周旺,新昌职业高级中学（七星校区）,2019/8/14
CA8782527AD230AEE0530B4214ACA205,2019,褚琼金,余姚市兰江小学,2019/8/14
CA8782527DD830AEE0530B4214ACA205,2013,田国华,海盐县元济高级中学,2013/8/27
CA8782527E5030AEE0530B4214ACA205,2011,周利花,严州中学梅城校区,2011/9/16
CA8782527B8030AEE0530B4214ACA205,2019,陈莉,松阳县岗寺中心小学,2019/8/14
CA8782527C0530AEE0530B4214ACA205,2017,陈世文,嘉善县实验中学,2017/8/9
CA8782527B2430AEE0530B4214ACA205,2019,徐登峰,桐乡市邵逸夫中学,2019/8/14
CA8782527E6E30AEE0530B4214ACA205,2011,张研,宁波外国语学校,2011/9/16
CA8782527A6830AEE0530B4214ACA205,2021,汪洋,临海市回浦实验小学,2021/7/20
CA87825279A330AEE0530B4214ACA205,2021,叶鸣,浙江省严州中学新安江校区,2021/7/20
CA8782527BE130AEE0530B4214ACA205,2017,翁晓杰,永嘉县第三职业学校,2017/8/9
CA8782527CF530AEE0530B4214ACA205,2015,赵亮,嘉善县第三中学,2015/8/3
CA8782527CFB30AEE0530B4214ACA205,2015,何琳怡,海宁市梅园幼儿园,2015/8/3
CA8782527C6F30AEE0530B4214ACA205,2017,任海亚,三门初级中学,2017/8/9
CA8782527B4C30AEE0530B4214ACA205,2019,付菲菲,义乌市绣湖小学教育集团,2019/8/14
CA8782527D4E30AEE0530B4214ACA205,2015,周世媛,丽水学院附属高级中学,2015/8/3
CA8782527DEF30AEE0530B4214ACA205,2013,郑斌,绍兴县王坛镇中学,2013/8/27
CA8782527B5430AEE0530B4214ACA205,2019,蒋华剑,义乌市城镇职业技术学校,2019/8/14
CA8782527D8B30AEE0530B4214ACA205,2013,徐玉华,浙江省桐庐中学,2013/8/27
CA8782527D1F30AEE0530B4214ACA205,2015,贾春波,新昌县城东小学,2015/8/3
CA8782527A3C30AEE0530B4214ACA205,2021,江虹,浙江省浦江中学,2021/7/20
CA8782527BD030AEE0530B4214ACA205,2017,苏宇霞,余姚市工业幼儿园,2017/8/9
CA8782527AAD30AEE0530B4214ACA205,2019,华萍,滨江区月亮湾幼儿园,2019/8/14
CA8782527B1B30AEE0530B4214ACA205,2019,庄秋敏,浙师大附属嘉善实验学校,2019/8/14
CA8782527E7B30AEE0530B4214ACA205,2011,周康平,永嘉中学,2011/9/16
CA8782527BB330AEE0530B4214ACA205,2017,吴晓君,建德市新安江第二初级中学,2017/8/9
CA8782527AF630AEE0530B4214ACA205,2019,卓艺颖,温州市实验中学教育集团府东分校（温州市第二十七中学）,2019/8/14
CA8782527E5830AEE0530B4214ACA205,2011,戴滟滟,浙江大学附属中学,2011/9/16
CA8782527BAB30AEE0530B4214ACA205,2017,魏小平,杭州市余杭第二高级中学,2017/8/9
CA8782527A9B30AEE0530B4214ACA205,2019,朱琳瑜,杭州师范大学附属中学,2019/8/14
CA8782527DCF30AEE0530B4214ACA205,2013,吴F玲,嘉兴市第一中学,2013/8/27
CA8782527A6230AEE0530B4214ACA205,2021,杨迎珠,北京师范大学台州实验学校,2021/7/20
CA8782527EE530AEE0530B4214ACA205,2011,王楚阳,台州学院椒江附属中学,2011/9/16
CA8782527C0830AEE0530B4214ACA205,2017,姚雁,平湖市职业中等专业学校,2017/8/9
CA8782527B6C30AEE0530B4214ACA205,2019,杨桂敏,台州市路桥小学,2019/8/14
CA8782527E6A30AEE0530B4214ACA205,2011,刘充,宁波市鄞州区甲南小学,2011/9/16
CA8782527E8830AEE0530B4214ACA205,2011,童如芳,温州市第三中学,2011/9/16
CA87825279AA30AEE0530B4214ACA205,2021,顾予恒,杭州第二中学钱江学校,2021/7/20
CA8782527B1F30AEE0530B4214ACA205,2019,李青,海盐县于城小学,2019/8/14
CA8782527A1830AEE0530B4214ACA205,2021,鲁凯,嘉兴一中实验学校,2021/7/20
CA87825279E730AEE0530B4214ACA205,2021,季康武,永嘉县枫林镇中心小学,2021/7/20
CA878252799F30AEE0530B4214ACA205,2021,王苗苗,浙江省临安中学,2021/7/20
CA8782527D5630AEE0530B4214ACA205,2015,潘慧慧,温岭市方城小学,2015/8/3
CA8782527AD030AEE0530B4214ACA205,2019,赵璐,余姚市梦麟中学,2019/8/14
CA8782527D3A30AEE0530B4214ACA205,2015,叶章召,衢江区杜泽镇中心小学,2015/8/3
CA8782527BBD30AEE0530B4214ACA205,2017,虞文君,北仑区泰河中学,2017/8/9
CA8782527E8730AEE0530B4214ACA205,2011,徐贤凯,苍南县灵溪一中教育集团,2011/9/16
CA8782527C9530AEE0530B4214ACA205,2015,韦竹群,杭州市萧山区第六高级中学,2015/8/3
CA87825279F830AEE0530B4214ACA205,2021,叶胜星,浙江省瓯海中学,2021/7/20
CA8782527A0B30AEE0530B4214ACA205,2021,厉坚芳,上海外国语大学秀洲外国语学校,2021/7/20
CA8782527E0730AEE0530B4214ACA205,2013,包晓敏,东阳市吴宁第五小学,2013/8/27
CA8782527AB430AEE0530B4214ACA205,2019,樊平,杭州市余杭区中泰中学,2019/8/14
CA8782527A4630AEE0530B4214ACA205,2021,夏丽娟,浙江金华第一中学,2021/7/20
CA8782527B7630AEE0530B4214ACA205,2019,叶兰峰,玉环中学,2019/8/14
CA8782527D9430AEE0530B4214ACA205,2013,沈技峰,宁波市实验小学,2013/8/27
CA8782527D5D30AEE0530B4214ACA205,2015,张敬彬,玉环实验学校,2015/8/3
CA8782527C5530AEE0530B4214ACA205,2017,宋丽敏,缙云县南顿小学,2017/8/9
CA8782527E8A30AEE0530B4214ACA205,2011,林小敏,温州市实验中学,2011/9/16
CA8782527C4530AEE0530B4214ACA205,2017,韦佳佳,东阳市外国语小学,2017/8/9
CA8782527EE730AEE0530B4214ACA205,2011,王敏芝,台州市椒江区人民小学,2011/9/16
CA8782527C4130AEE0530B4214ACA205,2017,王国刚,浦江县实验小学,2017/8/9
CA8782527B7D30AEE0530B4214ACA205,2019,刘堂锦,三门中学,2019/8/14
CA87825279AB30AEE0530B4214ACA205,2021,俞婕,杭州市中策职业学校,2021/7/20
CA8782527C2130AEE0530B4214ACA205,2017,黄建林,绍兴市柯桥区兰亭镇中学,2017/8/9
CA8782527E4F30AEE0530B4214ACA205,2011,陈淑凌,桐庐县毕浦中学,2011/9/16
CA8782527CF430AEE0530B4214ACA205,2015,杨松,嘉兴市秀洲区洪合镇中学,2015/8/3
CA8782527EF830AEE0530B4214ACA205,2011,沈远铭,仙居县实验小学,2011/9/16
CA87825279B930AEE0530B4214ACA205,2021,张粒,宁波市北仑区泰河中学,2021/7/20
CA8782527D9730AEE0530B4214ACA205,2013,梅煜琛,宁波市尹江岸幼儿园,2013/8/27
CA8782527AD330AEE0530B4214ACA205,2019,陈霞,余姚市四明幼儿园,2019/8/14
CA8782527C1330AEE0530B4214ACA205,2017,王强,浙江省长兴中学,2017/8/9
CA8782527B6430AEE0530B4214ACA205,2019,周刚,北师大台州附属高级中学,2019/8/14
CA8782527C5B30AEE0530B4214ACA205,2017,李香艳,浙江省丽水中学,2017/8/9
CA8782527A2230AEE0530B4214ACA205,2021,李浩,浙江省春晖中学,2021/7/20
CA8782527AEC30AEE0530B4214ACA205,2019,郑王卉,瓯海职业中专集团学校,2019/8/14
CA8782527B2D30AEE0530B4214ACA205,2019,石柳,柯桥区中国轻纺城小学,2019/8/14
CA8782527DAF30AEE0530B4214ACA205,2013,王利杰,宁海县城中小学,2013/8/27
CA8782527AFC30AEE0530B4214ACA205,2019,黄静,瑞安市锦湖实验小学,2019/8/14
CA8782527E8E30AEE0530B4214ACA205,2011,季迅群,瓯海区实验小学,2011/9/16
CA8782527EEB30AEE0530B4214ACA205,2011,项琪,台州中学,2011/9/16
CA8782527B6330AEE0530B4214ACA205,2019,张益,岱山县中心幼儿园,2019/8/14
CA8782527E4D30AEE0530B4214ACA205,2011,董建农,浙江省富阳中学,2011/9/16
CA8782527AF230AEE0530B4214ACA205,2019,彭玉洁,平阳县实验中学,2019/8/14
CA87825279BF30AEE0530B4214ACA205,2021,宋h,奉化中学,2021/7/20
CA8782527C7430AEE0530B4214ACA205,2017,张恩德,北京师范大学台州附属高级中学,2017/8/9
CA878252799030AEE0530B4214ACA205,2021,金帆,杭州市保m塔申花实验学校,2021/7/20
CA8782527B5D30AEE0530B4214ACA205,2019,王宝华,常山育才中学,2019/8/14
CA87825279FE30AEE0530B4214ACA205,2021,徐刚强,湖州市吴兴区城南实验学校,2021/7/20
CA8782527D1030AEE0530B4214ACA205,2015,王雪梅,绍兴市东浦镇中心小学,2015/8/3
CA8782527ECA30AEE0530B4214ACA205,2011,俞爱华,金华市第十五中学,2011/9/16
CA8782527DF530AEE0530B4214ACA205,2013,朱丽萍,上虞市春晖中学,2013/8/27
CA8782527A4330AEE0530B4214ACA205,2021,何陈红,磐安县新渥街道新渥小学,2021/7/20
CA8782527CA330AEE0530B4214ACA205,2015,王雁春,临安市昌化镇第一小学,2015/8/3
CA8782527E5D30AEE0530B4214ACA205,2011,毛浙东,宁波市北仑中学,2011/9/16
CA8782527B0C30AEE0530B4214ACA205,2019,施国强,湖州市月河小学教育集团,2019/8/14
CA8782527F0130AEE0530B4214ACA205,2011,龚姚东,杭州外国语学校,2011/9/16
CA8782527D7D30AEE0530B4214ACA205,2013,赵V,杭州市采荷中学,2013/8/27
CA8782527BBB30AEE0530B4214ACA205,2017,王雍斌,宁波市镇海中学,2017/8/9
CA8782527BE430AEE0530B4214ACA205,2017,白佳峰,平阳县职业中等专业学校,2017/8/9
CA8782527BA130AEE0530B4214ACA205,2017,王丽兵,杭州市学军小学,2017/8/9
CA8782527BF230AEE0530B4214ACA205,2017,符玲利,乐清市大荆镇第一小学,2017/8/9
CA8782527DA230AEE0530B4214ACA205,2013,夏佳星,鄞州区正始中学,2013/8/27
CA8782527D2730AEE0530B4214ACA205,2015,施彦文,婺城区乾西乡中心小学,2015/8/3
CA8782527E0E30AEE0530B4214ACA205,2013,陈小玲,衢江区杜泽镇中心小学,2013/8/27
CA8782527AF330AEE0530B4214ACA205,2019,郑强,苍南县桥墩镇黄檀学校,2019/8/14
CA8782527B1630AEE0530B4214ACA205,2019,王静慧,嘉兴市第一中学,2019/8/14
CA8782527C6630AEE0530B4214ACA205,2017,陈海亮,温岭市泽国五中,2017/8/9
CA8782527E7230AEE0530B4214ACA205,2011,王婉菁,宁波市第一幼儿园,2011/9/16
CA878252799130AEE0530B4214ACA205,2021,孔忠伟,杭州市钱江湾小学,2021/7/20
CA8782527AC130AEE0530B4214ACA205,2019,蒋有兵,淳安县浪川乡中心小学双源校区,2019/8/14
CA8782527B9A30AEE0530B4214ACA205,2017,董唯佳,杭州观成中学,2017/8/9
CA8782527DAA30AEE0530B4214ACA205,2013,赵丽君,余姚市实验学校,2013/8/27
CA87825279ED30AEE0530B4214ACA205,2021,王丹丹,浙江省泰顺中学,2021/7/20
CA8782527E2630AEE0530B4214ACA205,2013,蒋凤君,临海市中等职业技术学校,2013/8/27
CA8782527A3E30AEE0530B4214ACA205,2021,郑钢峰,浦江县实验小学,2021/7/20
CA8782527D0F30AEE0530B4214ACA205,2015,吴淼峰,绍兴市北海小学教育集团,2015/8/3
CA8782527E3530AEE0530B4214ACA205,2013,陈艳,舟山市岱山实验学校,2013/8/27
CA87825279FA30AEE0530B4214ACA205,2021,周文豪,温州第二职业中等专业学校,2021/7/20
CA8782527A7730AEE0530B4214ACA205,2021,徐佳莹,仙居县第一小学,2021/7/20
CA8782527E0930AEE0530B4214ACA205,2013,程红梅,永康市龙川小学,2013/8/27
CA8782527AD130AEE0530B4214ACA205,2019,谢宏达,余姚市三七市镇二六市小学,2019/8/14
CA8782527D6030AEE0530B4214ACA205,2015,林伟扬,天台始丰街道中心小学,2015/8/3
CA8782527A2430AEE0530B4214ACA205,2021,何秀丽,诸暨市浣江幼儿园教育集团城西幼儿园,2021/7/20
CA8782527E3D30AEE0530B4214ACA205,2011,俞林亚,杭州市杨绫子学校,2011/9/16
CA8782527A1930AEE0530B4214ACA205,2021,赵正瑜,绍兴市第一中学,2021/7/20
CA8782527DCA30AEE0530B4214ACA205,2013,梁鸯鸯,苍南县第三实验小学,2013/8/27
CA8782527C1030AEE0530B4214ACA205,2017,徐豪杰,湖州市菱湖中学,2017/8/9
CA8782527CDD30AEE0530B4214ACA205,2015,杨业,洞头县东屏镇中心小学,2015/8/3
CA8782527E6130AEE0530B4214ACA205,2011,陈国,慈溪中学,2011/9/16
CA87825279EA30AEE0530B4214ACA205,2021,张肖伊,浙江省平阳中学,2021/7/20
CA8782527C8A30AEE0530B4214ACA205,2015,徐益萍,杭州师范大学东城第二小学,2015/8/3
CA8782527B7330AEE0530B4214ACA205,2019,王海勇,温岭市泽国镇第三小学,2019/8/14
CA8782527CA430AEE0530B4214ACA205,2015,张辉,临安市太湖源镇杨岭中心学校,2015/8/3
CA8782527CB230AEE0530B4214ACA205,2015,胡维维,镇海区蛟川书院,2015/8/3
CA8782527C2A30AEE0530B4214ACA205,2017,许金燕,嵊州市剡城中学教育集团,2017/8/9
CA8782527C3C30AEE0530B4214ACA205,2017,张卫尖,兰溪市香溪镇官塘中心小学,2017/8/9
CA8782527ACC30AEE0530B4214ACA205,2019,潘家琪,象山县高塘学校,2019/8/14
CA8782527E9D30AEE0530B4214ACA205,2011,王建君,海盐县元济高级中学,2011/9/16
CA8782527D2330AEE0530B4214ACA205,2015,骆永明,绍兴市稽山中学,2015/8/3
CA8782527EA930AEE0530B4214ACA205,2011,张玲,湖州市德清县乾元镇清溪小学,2011/9/16
CA8782527AD830AEE0530B4214ACA205,2019,孙瑾,宁波中学,2019/8/14
CA8782527A5330AEE0530B4214ACA205,2021,汪建军,浙江省开化中学,2021/7/20
CA8782527CAF30AEE0530B4214ACA205,2015,郑志成,北仑区柴桥中学,2015/8/3
CA878252799730AEE0530B4214ACA205,2021,王国琴,杭州市萧山区银河实验幼儿园,2021/7/20
CA8782527AE130AEE0530B4214ACA205,2019,王丹浓,宁波第二技师学院,2019/8/14
CA8782527D5530AEE0530B4214ACA205,2015,王燕红,路桥区峰江中学,2015/8/3
CA8782527A9D30AEE0530B4214ACA205,2019,许倩倩,杭州市电子信息职业学校,2019/8/14
CA8782527D7330AEE0530B4214ACA205,2015,张威,浙江省盲人学校,2015/8/3
CA8782527D8C30AEE0530B4214ACA205,2013,徐杭超,桐庐县叶浅予中学,2013/8/27
CA8782527DD030AEE0530B4214ACA205,2013,谢默,嘉兴技师学院,2013/8/27
CA8782527EBE30AEE0530B4214ACA205,2011,祁玲娟,绍兴市鲁迅小学,2011/9/16
CA8782527D7F30AEE0530B4214ACA205,2013,王理,杭州市保m塔实验学校,2013/8/27
CA8782527E7030AEE0530B4214ACA205,2011,王瑜,宁波市鄞州区姜山中学,2011/9/16
CA8782527B0730AEE0530B4214ACA205,2019,吕欢欢,温州道尔顿小学,2019/8/14
CA8782527D8130AEE0530B4214ACA205,2013,杨晓迪,杭州市文晖中学,2013/8/27
CA8782527EC630AEE0530B4214ACA205,2011,汪显和,浙江省兰溪市第一中学,2011/9/16
CA8782527B0D30AEE0530B4214ACA205,2019,马华,湖州市吴兴区第一小学,2019/8/14
CA87825279DC30AEE0530B4214ACA205,2021,张夏燕,温州市洞头区实验中学,2021/7/20
CA8782527C7230AEE0530B4214ACA205,2017,陈未娅,台州市中心幼儿园,2017/8/9
CA8782527A0D30AEE0530B4214ACA205,2021,项建峰,平湖市职业中等专业学校,2021/7/20
CA8782527AA530AEE0530B4214ACA205,2019,徐彬,杭州市东城第二实验学校,2019/8/14
CA8782527BF330AEE0530B4214ACA205,2017,黄海欧,乐清市北白象镇第一小学,2017/8/9
CA8782527E3930AEE0530B4214ACA205,2013,金萍萍,浙江省盲人学校,2013/8/27
CA8782527BDD30AEE0530B4214ACA205,2017,徐岳敏,乐清市第三中学,2017/8/9
CA8782527BD830AEE0530B4214ACA205,2017,唐文秀,浙江省苍南中学,2017/8/9
CA8782527DD230AEE0530B4214ACA205,2013,金毓,嘉兴一中实验学校,2013/8/27
CA8782527EEA30AEE0530B4214ACA205,2011,张小华,黄岩中学,2011/9/16
CA8782527EC830AEE0530B4214ACA205,2011,王涛,浦江中学,2011/9/16
CA8782527B0E30AEE0530B4214ACA205,2019,吴月斐,湖州市南浔实验小学,2019/8/14
CA8782527DB730AEE0530B4214ACA205,2013,朱彬茹,温州市实验中学,2013/8/27
CA8782527B5130AEE0530B4214ACA205,2019,范立花,永康市特殊教育学校,2019/8/14
CA8782527A5F30AEE0530B4214ACA205,2021,吴倩倩,台州市学院路小学,2021/7/20
CA8782527D2030AEE0530B4214ACA205,2015,俞永恩,新昌中学,2015/8/3
CA8782527AA730AEE0530B4214ACA205,2019,李卓,浙江省教育科学研究院附属实验学校,2019/8/14
CA8782527AFE30AEE0530B4214ACA205,2019,黄莉莉,苍南县灵溪镇第二小学,2019/8/14
CA8782527A3630AEE0530B4214ACA205,2021,虞伟奖,义乌公学,2021/7/20
CA8782527DF830AEE0530B4214ACA205,2013,吕钦松,新昌职业技术学校,2013/8/27
CA8782527BE830AEE0530B4214ACA205,2017,赵云霞,瑞安市汀田第三中学,2017/8/9
CA8782527AF430AEE0530B4214ACA205,2019,陈珊景,温州市南浦实验中学,2019/8/14
CA8782527B7530AEE0530B4214ACA205,2019,吴景清,温岭市级机关幼儿园,2019/8/14
CA8782527E1030AEE0530B4214ACA205,2013,詹建妹,龙游县实验小学,2013/8/27
CA8782527CB930AEE0530B4214ACA205,2015,吴旭聪,慈溪市实验小学教育集团,2015/8/3
CA87825279A630AEE0530B4214ACA205,2021,潘h,浙江省淳安中学,2021/7/20
CA8782527D9F30AEE0530B4214ACA205,2013,傅孝杰,宁波东海实验学校,2013/8/27
CA87825279BB30AEE0530B4214ACA205,2021,吴佳林,宁波市北仑区芦渎中学,2021/7/20
CA8782527EE030AEE0530B4214ACA205,2011,周虹,丽水经济开发区第一中学,2011/9/16
CA8782527C3830AEE0530B4214ACA205,2017,程欢,永康外国语学校,2017/8/9
CA8782527A8330AEE0530B4214ACA205,2021,叶翠,云和县中等职业技术学校,2021/7/20
CA8782527E6030AEE0530B4214ACA205,2011,王仕杰,宁波市鄞州中学,2011/9/16
CA878252799D30AEE0530B4214ACA205,2021,毛大平,杭州市富阳区永兴学校,2021/7/20
CA8782527C5230AEE0530B4214ACA205,2017,戴丽娜,丽水市莲都区花园中学,2017/8/9
CA8782527D5030AEE0530B4214ACA205,2015,章继东,椒江区海正育才小学,2015/8/3
CA8782527CD430AEE0530B4214ACA205,2015,陈志磊,乐清市虹桥职业技术学校,2015/8/3
CA8782527E8930AEE0530B4214ACA205,2011,杨明章,苍南县龙港镇第三中学,2011/9/16
CA8782527DA930AEE0530B4214ACA205,2013,高海军,慈溪中学,2013/8/27
CA8782527BC530AEE0530B4214ACA205,2017,丁锦玲,宁海县正学中学,2017/8/9
CA8782527EDB30AEE0530B4214ACA205,2011,邹其乐,青田县温溪高级中学,2011/9/16
CA8782527C4F30AEE0530B4214ACA205,2017,严瑾,龙游县横山中学,2017/8/9
CA8782527BB630AEE0530B4214ACA205,2017,方小峰,浙江省淳安县第二中学,2017/8/9
CA8782527A2030AEE0530B4214ACA205,2021,金利萍,绍兴市柯桥区华舍中学,2021/7/20
CA8782527A1530AEE0530B4214ACA205,2021,倪俊杰,桐乡市凤鸣高级中学,2021/7/20
CA8782527C4330AEE0530B4214ACA205,2017,马俊,东阳市白云初级中学,2017/8/9
CA8782527B6030AEE0530B4214ACA205,2019,毛建波,白泉中心小学,2019/8/14
CA8782527E5530AEE0530B4214ACA205,2011,潘张红,临安市中等职业技术学校,2011/9/16
CA8782527C0F30AEE0530B4214ACA205,2017,张建华,湖州市第五中学,2017/8/9
CA878252798430AEE0530B4214ACA205,2021,马益彬,杭州市清河实验学校,2021/7/20
CA8782527B5A30AEE0530B4214ACA205,2019,刘凤凰,衢江区高家初中,2019/8/14
CA8782527CA030AEE0530B4214ACA205,2015,刘晓燕,浙江省严州中学,2015/8/3
CA8782527A3430AEE0530B4214ACA205,2021,陈晓茹,东阳市外国语小学,2021/7/20
CA8782527DA630AEE0530B4214ACA205,2013,俞琳益,宁波市鄞州区古林职业高级中学,2013/8/27
CA878252798530AEE0530B4214ACA205,2021,蔡静,杭州市朝晖实验小学,2021/7/20
CA8782527DE930AEE0530B4214ACA205,2013,张炎惠,绍兴市中等专业学校,2013/8/27
CA8782527B3130AEE0530B4214ACA205,2019,林国夫,浙江省春晖中学,2019/8/14
CA8782527B4530AEE0530B4214ACA205,2019,杨松梅,永康市明珠学校,2019/8/14
CA8782527BF830AEE0530B4214ACA205,2017,王杨,经开区海城第一小学,2017/8/9
CA8782527D5730AEE0530B4214ACA205,2015,孙军波,浙江省温岭中学,2015/8/3
CA8782527B1230AEE0530B4214ACA205,2019,朱跃建,长兴县职业技术教育中心学校,2019/8/14
CA8782527D3930AEE0530B4214ACA205,2015,刘美芳,柯城区鹿鸣小学,2015/8/3
CA8782527E0C30AEE0530B4214ACA205,2013,邓城秋,浙江省衢州第二中学,2013/8/27
CA8782527DE630AEE0530B4214ACA205,2013,袁恩忠,安吉县高禹小学,2013/8/27
CA8782527D9E30AEE0530B4214ACA205,2013,王梁贤,北仑区华山小学,2013/8/27
CA8782527C5F30AEE0530B4214ACA205,2017,金敏燕,路桥区东方理想学校,2017/8/9
CA8782527DBA30AEE0530B4214ACA205,2013,王畅,温州市第五幼儿园,2013/8/27
CA8782527E8530AEE0530B4214ACA205,2011,张寰宇,温州市第二外国语学校,2011/9/16
CA8782527E7730AEE0530B4214ACA205,2011,徐文吉,余姚市职成教中心学校,2011/9/16
CA87825279C430AEE0530B4214ACA205,2021,邢露,慈溪市实验小学教育集团,2021/7/20
CA8782527DC030AEE0530B4214ACA205,2013,赵强,乐清市育英寄宿学校,2013/8/27
CA8782527B7430AEE0530B4214ACA205,2019,颜倩倩,温岭市三星小学,2019/8/14
CA8782527E3330AEE0530B4214ACA205,2013,倪燕儿,舟山市定海区第六中学,2013/8/27
CA8782527AFD30AEE0530B4214ACA205,2019,苏中巧,平阳县昆阳镇新城小学,2019/8/14
CA8782527B0630AEE0530B4214ACA205,2019,周洁静,乐清市特殊教育学校,2019/8/14
CA8782527B9930AEE0530B4214ACA205,2017,陈云,杭州行知幼儿园,2017/8/9
CA8782527C6E30AEE0530B4214ACA205,2017,方芳,仙居县实验小学,2017/8/9
CA8782527EE330AEE0530B4214ACA205,2011,董慧珍,景宁县实验一小,2011/9/16
CA8782527E0B30AEE0530B4214ACA205,2013,汪建纯,衢州市实验学校,2013/8/27
CA878252799830AEE0530B4214ACA205,2021,沈宇清,杭州市余杭高级中学,2021/7/20
CA8782527D5930AEE0530B4214ACA205,2015,江国明,温岭滨海镇中心小学,2015/8/3
CA8782527BAA30AEE0530B4214ACA205,2017,郑超,杭州市余杭高级中学,2017/8/9
CA8782527B4A30AEE0530B4214ACA205,2019,李晓亮,浙江金华第一中学,2019/8/14
CA8782527A5B30AEE0530B4214ACA205,2021,高麒英,嵊泗县枸杞乡小学,2021/7/20
CA8782527B9230AEE0530B4214ACA205,2017,谭国锋,杭州第二中学,2017/8/9
CA8782527C0130AEE0530B4214ACA205,2017,何玲丽,嘉兴南湖国际实验学校,2017/8/9
CA8782527C2C30AEE0530B4214ACA205,2017,何文魁,浙江省新昌中学,2017/8/9
CA8782527AE730AEE0530B4214ACA205,2019,邵达,温州中学,2019/8/14
CA8782527B8630AEE0530B4214ACA205,2019,孙宝山,浙江省丽水中学,2019/8/14
CA8782527B0530AEE0530B4214ACA205,2019,郭艳艳,温州市实验小学,2019/8/14
CA8782527E6F30AEE0530B4214ACA205,2011,胡幸儿,宁波市鄞州区姜山镇中心初级中学,2011/9/16
CA87825279FC30AEE0530B4214ACA205,2021,韩晓鸣,湖州市南浔区南浔锦绣实验学校,2021/7/20
CA8782527A2530AEE0530B4214ACA205,2021,楼和东,诸暨市店口镇弘毅小学,2021/7/20
CA87825279E930AEE0530B4214ACA205,2021,刘越秀,文成县实验小学,2021/7/20
CA8782527C1730AEE0530B4214ACA205,2017,吴芳,湖州市龙泉小学,2017/8/9
CA8782527EB830AEE0530B4214ACA205,2011,董秋艳,上虞市爱弥儿幼儿园,2011/9/16
CA87825279D530AEE0530B4214ACA205,2021,周婧,温州市第八幼儿园,2021/7/20
CA8782527B4D30AEE0530B4214ACA205,2019,朱琳,东阳市横店小学教育集团横店校区,2019/8/14
CA8782527C7530AEE0530B4214ACA205,2017,彭婵蓉,台州市黄岩中学,2017/8/9
CA8782527E5130AEE0530B4214ACA205,2011,饶燕南,建德市明珠小学,2011/9/16
CA8782527D3630AEE0530B4214ACA205,2015,汤丽芝,浙江省金华第一中学,2015/8/3
CA8782527A3230AEE0530B4214ACA205,2021,李双彤,兰溪市职业中等专业学校,2021/7/20
CA8782527C6030AEE0530B4214ACA205,2017,程志平,台州中学,2017/8/9
CA8782527C6730AEE0530B4214ACA205,2017,杨吉瑞,温岭市岩下小学,2017/8/9
CA8782527C8130AEE0530B4214ACA205,2017,周蓉蓉,衢江区杜泽镇中心小学,2017/8/9
CA8782527ADE30AEE0530B4214ACA205,2019,朱珂丹,宁波市正始中学,2019/8/14
CA8782527AE830AEE0530B4214ACA205,2019,谢尚志,温州市第二十二中学,2019/8/14
CA87825279F930AEE0530B4214ACA205,2021,林甲景,温州市第二十一中学,2021/7/20
CA8782527B6530AEE0530B4214ACA205,2019,茅君平,台州市第一中学,2019/8/14
CA8782527A1E30AEE0530B4214ACA205,2021,许佳,绍兴市昌安实验学校,2021/7/20
CA8782527C5630AEE0530B4214ACA205,2017,卢海桢,松阳县第一中学,2017/8/9
CA8782527DDA30AEE0530B4214ACA205,2013,吴娟红,海宁市高级中学,2013/8/27
CA8782527EB630AEE0530B4214ACA205,2011,杨招娣,诸暨市浣江幼儿园,2011/9/16
CA8782527EBC30AEE0530B4214ACA205,2011,唐光善,新昌中学,2011/9/16
CA8782527B3730AEE0530B4214ACA205,2019,赵益汝,绍兴市阳明中学,2019/8/14
CA8782527D4D30AEE0530B4214ACA205,2015,吴倩,景宁畲族自治县民族幼儿园,2015/8/3
CA8782527D4B30AEE0530B4214ACA205,2015,吴洁,遂昌县云峰中心学校,2015/8/3
CA87825279F030AEE0530B4214ACA205,2021,林茂,苍南县外国语学校,2021/7/20
CA8782527C2630AEE0530B4214ACA205,2017,陈建伟,诸暨中学,2017/8/9
CA8782527E0530AEE0530B4214ACA205,2013,蒋华燕,东阳市技术学校,2013/8/27
CA8782527D9130AEE0530B4214ACA205,2013,金雄鹰,建德市新安江中学,2013/8/27
CA8782527E9B30AEE0530B4214ACA205,2011,沈富根,桐乡市高级中学,2011/9/16
CA8782527EE630AEE0530B4214ACA205,2011,金雪芬,台州市双语学校,2011/9/16
CA8782527EA530AEE0530B4214ACA205,2011,寿斌杰,海宁市职业高级中学,2011/9/16
CA8782527BB930AEE0530B4214ACA205,2017,符钦荥,余姚市第四中学,2017/8/9
CA8782527D4230AEE0530B4214ACA205,2015,徐猷,衢州高级中学,2015/8/3
CA8782527EF530AEE0530B4214ACA205,2011,陈敏,玉环县坎门一中,2011/9/16
CA8782527D4A30AEE0530B4214ACA205,2015,卢晓民,缙云新碧学校,2015/8/3
CA8782527A0E30AEE0530B4214ACA205,2021,张强,浙江省平湖中学,2021/7/20
CA8782527B7A30AEE0530B4214ACA205,2019,丁露萍,天台中学,2019/8/14
CA8782527C0730AEE0530B4214ACA205,2017,周爱民,浙江省平湖中学,2017/8/9
CA8782527A4830AEE0530B4214ACA205,2021,陈晶晶,金华市特殊教育学校,2021/7/20
CA87825279B830AEE0530B4214ACA205,2021,蒋东明,宁波市镇海区龙赛中学,2021/7/20
CA8782527DD430AEE0530B4214ACA205,2013,沈华冬,嘉兴秀洲区新塍镇中学,2013/8/27
CA8782527C1630AEE0530B4214ACA205,2017,胡滨,安吉县递铺小学,2017/8/9
CA8782527EE930AEE0530B4214ACA205,2011,吴青青,椒江区中心幼儿园,2011/9/16
CA8782527E4B30AEE0530B4214ACA205,2011,朱国锋,余杭区塘栖第一小学,2011/9/16
CA8782527A7D30AEE0530B4214ACA205,2021,叶海静,莲都外国语学校,2021/7/20
CA8782527AC930AEE0530B4214ACA205,2019,王成兰,宁波市惠贞书院,2019/8/14
CA8782527A8730AEE0530B4214ACA205,2021,朱伟森,缙云县舒洪小学,2021/7/20
CA8782527C8330AEE0530B4214ACA205,2015,陈滔,杭州市胜利实验学校,2015/8/3
CA8782527C7930AEE0530B4214ACA205,2017,陆依林,普陀区六横中心小学,2017/8/9
CA8782527BB830AEE0530B4214ACA205,2017,叶松华,宁波市效实中学,2017/8/9
CA8782527D6E30AEE0530B4214ACA205,2015,章锡军,义乌市实验小学教育集团,2015/8/3
CA8782527A7A30AEE0530B4214ACA205,2021,林丹君,北京师范大学台州附属高级中学,2021/7/20
CA87825279CA30AEE0530B4214ACA205,2021,俞涛,宁波国家高新区信懋中学,2021/7/20
CA8782527C6A30AEE0530B4214ACA205,2017,游爱艳,玉环县实验学校,2017/8/9
CA8782527D4330AEE0530B4214ACA205,2015,田华,衢州中等专业学校,2015/8/3
CA8782527E9830AEE0530B4214ACA205,2011,杨晓霞,嘉善第五中学,2011/9/16
CA8782527C6C30AEE0530B4214ACA205,2017,葛镔镔,天台县特殊教育中心,2017/8/9
CA8782527DE430AEE0530B4214ACA205,2013,许健坤,长兴县夹浦镇中心小学,2013/8/27
CA8782527A4F30AEE0530B4214ACA205,2021,吴晓彩,浙江省衢州第二中等专业学校,2021/7/20
CA8782527CAD30AEE0530B4214ACA205,2015,张小团,宁波市新城第一实验学校,2015/8/3
CA8782527EF930AEE0530B4214ACA205,2011,余杰,舟山二中,2011/9/16
CA8782527D0730AEE0530B4214ACA205,2015,沈勤峰,德清县职业中等专业学校,2015/8/3
CA8782527B2730AEE0530B4214ACA205,2019,傅铁瑛,诸暨市暨阳街道行知幼儿园,2019/8/14
CA8782527AFB30AEE0530B4214ACA205,2019,黄伟东,乐清市雁荡镇第五小学,2019/8/14
CA878252799B30AEE0530B4214ACA205,2021,沈明霞,杭州市余杭区临平第一小学,2021/7/20
CA8782527A4C30AEE0530B4214ACA205,2021,李锡珍,衢州市衢江区实验小学,2021/7/20
CA8782527D0530AEE0530B4214ACA205,2015,张国良,南浔区锦绣实验学校,2015/8/3
CA8782527CF730AEE0530B4214ACA205,2015,周振华,平湖市行知小学,2015/8/3
CA8782527DC130AEE0530B4214ACA205,2013,金文钦,浙江省瑞安市实验小学,2013/8/27
CA8782527A3130AEE0530B4214ACA205,2021,宣银春,金华市金东区塘雅中心学校,2021/7/20
CA8782527A5830AEE0530B4214ACA205,2021,周海燕,衢州市实验学校教育集团锦溪校区,2021/7/20
CA8782527B9330AEE0530B4214ACA205,2017,莫剑,杭州师范大学附属中学,2017/8/9
CA8782527C2030AEE0530B4214ACA205,2017,傅丽娟,绍兴市柯桥区职教中心,2017/8/9
CA8782527A9C30AEE0530B4214ACA205,2019,方润根,浙江省杭州学军中学,2019/8/14
CA8782527DDF30AEE0530B4214ACA205,2013,何振华,湖州市第二中学,2013/8/27
CA8782527A4430AEE0530B4214ACA205,2021,金卉穗,金华市湖海塘中学,2021/7/20
CA8782527E0030AEE0530B4214ACA205,2013,施江舟,婺州外国语学校,2013/8/27
CA8782527A1C30AEE0530B4214ACA205,2021,许瑾,绍兴市鲁迅小学,2021/7/20
CA8782527BDB30AEE0530B4214ACA205,2017,徐益勇,温州市第五十一中学,2017/8/9
CA8782527DEB30AEE0530B4214ACA205,2013,俞建栋,越城区灵芝镇中心小学,2013/8/27
CA8782527ACA30AEE0530B4214ACA205,2019,邵韦蔚,宁海中学,2019/8/14
CA8782527A8E30AEE0530B4214ACA205,2021,徐圣钦,丽水第二高级中学,2021/7/20
CA8782527B8C30AEE0530B4214ACA205,2019,唐亮,杭州市紫阳幼儿园,2019/8/14
CA878252798830AEE0530B4214ACA205,2021,戴灿华,杭州市天杭实验学校,2021/7/20
CA8782527E7530AEE0530B4214ACA205,2011,苏东伟,宁波市职教中心学校,2011/9/16
CA8782527C8230AEE0530B4214ACA205,2017,梁海华,台州市金清中学,2017/8/9
CA8782527C9A30AEE0530B4214ACA205,2015,何黄海,杭州市富阳区东洲中心小学,2015/8/3
CA8782527D2E30AEE0530B4214ACA205,2015,李超亚,浙江省永康卫生学校,2015/8/3
CA8782527E4330AEE0530B4214ACA205,2011,江萍,杭州市求是教育集团,2011/9/16
CA8782527BAC30AEE0530B4214ACA205,2017,孙春勇,杭州市余杭区仓前中学,2017/8/9
CA8782527CD730AEE0530B4214ACA205,2015,林长春,瑞安中学,2015/8/3
CA87825279C730AEE0530B4214ACA205,2021,林蓉,宁海县技工学校,2021/7/20
CA8782527A9430AEE0530B4214ACA205,2021,王绅宇,阿克苏地区中等职业技术学校,2021/7/20
CA8782527BC030AEE0530B4214ACA205,2017,俞志涛,宁波市鄞州实验中学,2017/8/9
CA8782527AD930AEE0530B4214ACA205,2019,吴鹏,宁波市鄞州高级中学,2019/8/14
CA8782527E9330AEE0530B4214ACA205,2011,夏恩力,温州市实验小学,2011/9/16
CA8782527E2B30AEE0530B4214ACA205,2013,章波勇,温岭市温中实验学校,2013/8/27
CA8782527B1730AEE0530B4214ACA205,2019,杨晓宇,嘉兴市第一幼儿园,2019/8/14
CA8782527BFF30AEE0530B4214ACA205,2017,张天林,嘉兴技师学院,2017/8/9
CA8782527E3F30AEE0530B4214ACA205,2011,戴文莲,杭州市东园小学,2011/9/16
CA8782527BE930AEE0530B4214ACA205,2017,曾孙丹,温州外国语学校,2017/8/9
CA8782527B0230AEE0530B4214ACA205,2019,戴乐韵,龙湾区屿田实验小学,2019/8/14
CA8782527CFA30AEE0530B4214ACA205,2015,沈移,海宁市第二中学,2015/8/3
CA8782527CE930AEE0530B4214ACA205,2015,吴圣潘,温州中学,2015/8/3
CA8782527A3030AEE0530B4214ACA205,2021,黄贝,金华市环城小学,2021/7/20
CA8782527E2E30AEE0530B4214ACA205,2013,王影,天台实验小学,2013/8/27
CA8782527C0B30AEE0530B4214ACA205,2017,潘国新,海宁市盐官镇丰士中心小学,2017/8/9
CA8782527A6D30AEE0530B4214ACA205,2021,郭恩来,温岭市职业中等专业学校,2021/7/20
CA8782527A1630AEE0530B4214ACA205,2021,张秋佳,桐乡市濮院小学教育集团毛衫城小学,2021/7/20
CA8782527C1B30AEE0530B4214ACA205,2017,张海英,绍兴市阳明中学,2017/8/9
CA8782527DED30AEE0530B4214ACA205,2013,车霞萍,绍兴县实验小学,2013/8/27
CA8782527A7F30AEE0530B4214ACA205,2021,黄巧敏,青田县实验小学,2021/7/20
CA8782527B2530AEE0530B4214ACA205,2019,沈正杰,桐乡市凤鸣高级中学,2019/8/14
CA8782527E7930AEE0530B4214ACA205,2011,金锦友,瑞安中学,2011/9/16
CA8782527CC730AEE0530B4214ACA205,2015,曹欢,宁波外事学校,2015/8/3
CA8782527A7630AEE0530B4214ACA205,2021,吴燕,仙居县安洲中学,2021/7/20
CA8782527D8930AEE0530B4214ACA205,2013,徐晨,浙江省富阳中学,2013/8/27
CA8782527EFB30AEE0530B4214ACA205,2011,陈江旗,定海二中教育集团(北),2011/9/16
CA8782527A4930AEE0530B4214ACA205,2021,杨梅,衢州市柯城区华墅乡中心小学,2021/7/20
CA8782527D3B30AEE0530B4214ACA205,2015,兰以俊,衢江区廿里镇中心小学,2015/8/3
CA8782527EF230AEE0530B4214ACA205,2011,金明铨,温岭市大溪镇中心小学,2011/9/16
CA8782527D2530AEE0530B4214ACA205,2015,潘可可,金华师范学校附属小学,2015/8/3
CA878252799E30AEE0530B4214ACA205,2021,徐献银,杭州市富阳区场口镇中心小学,2021/7/20
CA8782527EA130AEE0530B4214ACA205,2011,周耀东,桐乡市实验小学教育集团北港小学,2011/9/16
CA8782527A5A30AEE0530B4214ACA205,2021,刘青青,普陀区中心幼儿园,2021/7/20
CA8782527D1130AEE0530B4214ACA205,2015,汪国祥,绍兴文理学院附属小学,2015/8/3
CA8782527DD730AEE0530B4214ACA205,2013,许欢,平湖市新仓镇中心幼儿园,2013/8/27
CA87825279B030AEE0530B4214ACA205,2021,包蓉,宁波市海曙外国语学校,2021/7/20
CA8782527D9C30AEE0530B4214ACA205,2013,胡海丰,北仑中学,2013/8/27
CA8782527B9130AEE0530B4214ACA205,2019,冯文君,浙江大学幼儿园,2019/8/14
CA8782527B5B30AEE0530B4214ACA205,2019,陈月芬,龙游阳光小学,2019/8/14
CA8782527B8430AEE0530B4214ACA205,2019,曾伟波,莲都区碧湖中学,2019/8/14
CA8782527C3630AEE0530B4214ACA205,2017,高新文,永康市第二中学,2017/8/9
CA8782527CB330AEE0530B4214ACA205,2015,骆敏洁,鄞州中学,2015/8/3
CA8782527ED030AEE0530B4214ACA205,2011,梅志静,永康市人民小学幼儿园,2011/9/16
CA8782527E8430AEE0530B4214ACA205,2011,苏小汀,平阳职业教育中心,2011/9/16
CA8782527EB230AEE0530B4214ACA205,2011,林慧,绍兴县园艺学校,2011/9/16
CA8782527B1D30AEE0530B4214ACA205,2019,陆苗,平湖市钟埭中心小学,2019/8/14
CA8782527CBE30AEE0530B4214ACA205,2015,葛尧鼎,余姚市瑞云学校,2015/8/3
CA8782527E8D30AEE0530B4214ACA205,2011,鲍丹丹,温州市实验小学,2011/9/16
CA878252798630AEE0530B4214ACA205,2021,黄琳怡,杭州市京都实验幼托园,2021/7/20
CA8782527C8430AEE0530B4214ACA205,2015,张麟,杭州市上城区教育学院附属小学,2015/8/3
CA8782527A1030AEE0530B4214ACA205,2021,许慧娟,海盐县元济高级中学,2021/7/20
CA8782527E6830AEE0530B4214ACA205,2011,张慧凯,宁波市北仑区顾国和中学,2011/9/16
CA8782527A7530AEE0530B4214ACA205,2021,张土兵,天台县三合镇中心小学,2021/7/20
CA8782527A9130AEE0530B4214ACA205,2021,游慧敏,拜城县团结小学,2021/7/20
CA8782527C9E30AEE0530B4214ACA205,2015,王辉,千岛湖中等职业学校,2015/8/3
CA8782527D1B30AEE0530B4214ACA205,2015,杨波,诸暨市东白湖镇小,2015/8/3
CA8782527A0F30AEE0530B4214ACA205,2021,沈勤,平湖市乍浦天妃小学,2021/7/20
CA8782527AB930AEE0530B4214ACA205,2019,罗高斌,杭州天目外国语学校,2019/8/14
CA8782527AAC30AEE0530B4214ACA205,2019,黄鼎汉,杭州市卖鱼桥小学,2019/8/14
CA8782527B7930AEE0530B4214ACA205,2019,林巍,玉环市环山小学,2019/8/14
CA8782527E3830AEE0530B4214ACA205,2013,朱玲玲,实验小学,2013/8/27
CA8782527BD630AEE0530B4214ACA205,2017,朱琦晓,鄞州职业教育中心学校,2017/8/9
CA87825279F230AEE0530B4214ACA205,2021,吴小姿,苍南县站前小学,2021/7/20
CA8782527CBC30AEE0530B4214ACA205,2015,朱卫强,余姚市职业技术学校,2015/8/3
CA8782527C0330AEE0530B4214ACA205,2017,彭炳三,秀洲区新塍镇中学,2017/8/9
CA8782527C7C30AEE0530B4214ACA205,2017,彭征,新疆维吾尔自治区拜城县第四高级中学,2017/8/9
CA8782527B7230AEE0530B4214ACA205,2019,洪益辉,温岭市职业技术学校,2019/8/14
CA8782527D3C30AEE0530B4214ACA205,2015,毛艳,江山市江东小学,2015/8/3
CA8782527EBB30AEE0530B4214ACA205,2011,茹茉莉,嵊州市城北小学,2011/9/16
CA8782527A0430AEE0530B4214ACA205,2021,戴泽华,安吉县高禹中学,2021/7/20
CA8782527A8030AEE0530B4214ACA205,2021,程煜,浙江省青田中学,2021/7/20
CA8782527D5830AEE0530B4214ACA205,2015,孙银河,温岭市第二中学,2015/8/3
CA8782527E7F30AEE0530B4214ACA205,2011,陈永概,温州中学,2011/9/16
CA8782527DBC30AEE0530B4214ACA205,2013,缪旭春,温州市水心小学,2013/8/27
CA8782527C5E30AEE0530B4214ACA205,2017,祁杰,黄岩区第一职业技术学校,2017/8/9
CA8782527DBD30AEE0530B4214ACA205,2013,邹丽娟,瓯海区仙岩二中,2013/8/27
CA8782527B2A30AEE0530B4214ACA205,2019,张韦华,绍兴市鲁迅小学教育集团,2019/8/14
CA8782527A3F30AEE0530B4214ACA205,2021,鲍冰茹,浙江省武义第一中学,2021/7/20
CA8782527B0A30AEE0530B4214ACA205,2019,沈恒,湖州市第二中学,2019/8/14
CA8782527A0330AEE0530B4214ACA205,2021,张敏,长兴县泗安镇中心幼儿园,2021/7/20
CA8782527E2330AEE0530B4214ACA205,2013,杨灵君,临海市回浦实验小学,2013/8/27
CA8782527E7A30AEE0530B4214ACA205,2011,程永超,温州第二中学,2011/9/16
CA8782527BA930AEE0530B4214ACA205,2017,沈洋,萧山区高桥小学,2017/8/9
CA8782527AAE30AEE0530B4214ACA205,2019,方涛,杭州滨和中学,2019/8/14
CA8782527D6930AEE0530B4214ACA205,2015,邬丽俐,六横中心小学,2015/8/3
CA8782527B5E30AEE0530B4214ACA205,2019,戴玉珍,开化县北门小学,2019/8/14
CA8782527A1330AEE0530B4214ACA205,2021,施B,海宁市第一初级中学,2021/7/20
CA8782527A3530AEE0530B4214ACA205,2021,卢萍萍,东阳市吴宁第五小学,2021/7/20
CA8782527E3630AEE0530B4214ACA205,2013,杨旭锋,义乌中学,2013/8/27
CA87825279BA30AEE0530B4214ACA205,2021,贺丹青,宁波滨海国际合作学校,2021/7/20
CA8782527ECE30AEE0530B4214ACA205,2011,滕俊玲,金华市金师附小教育集团婺城小学,2011/9/16
CA8782527BA730AEE0530B4214ACA205,2017,金伟国,杭州市萧山区第二高级中学,2017/8/9
CA8782527B9D30AEE0530B4214ACA205,2017,张智利,杭州市夏衍小学,2017/8/9
CA8782527CD030AEE0530B4214ACA205,2015,周若鹏,瓯海区南白象中学,2015/8/3
CA8782527F0330AEE0530B4214ACA205,2011,王苗英,浙江师范大学附属中学,2011/9/16
CA87825279E030AEE0530B4214ACA205,2021,金敏子,浙江省瑞安中学,2021/7/20
CA8782527CC630AEE0530B4214ACA205,2015,虞驰,宁波市第四中学,2015/8/3
CA8782527AFA30AEE0530B4214ACA205,2019,谷尚品,温州市蒲鞋市小学,2019/8/14
CA8782527AA630AEE0530B4214ACA205,2019,吕阳俊,杭州采实教育集团,2019/8/14
CA8782527C0C30AEE0530B4214ACA205,2017,郑婷婷,桐乡市高级中学,2017/8/9
CA87825279CD30AEE0530B4214ACA205,2021,叶挺,宁波市甬江职业高级中学,2021/7/20
CA8782527EC730AEE0530B4214ACA205,2011,盛国跃,浙江省兰溪市上华中学,2011/9/16
CA8782527DC930AEE0530B4214ACA205,2013,郭进贵,温州新星学校,2013/8/27
CA8782527CD330AEE0530B4214ACA205,2015,郑旭英,温州滨海学校,2015/8/3
CA8782527A6930AEE0530B4214ACA205,2021,陈杰,临海市古城小学,2021/7/20
CA87825279A830AEE0530B4214ACA205,2021,蒋晓乾,杭州第二中学,2021/7/20
CA8782527EDC30AEE0530B4214ACA205,2011,陈碎娇,云和中学,2011/9/16
CA8782527A8930AEE0530B4214ACA205,2021,齐日昆,缙云县工艺美术学校,2021/7/20
CA8782527E0F30AEE0530B4214ACA205,2013,范楠婷,柯城区教工幼儿园,2013/8/27
CA8782527CF330AEE0530B4214ACA205,2015,周立志,东北师范大学南湖实验学校,2015/8/3
CA8782527A9930AEE0530B4214ACA205,2019,史宗翔,浙江省杭州第二中学,2019/8/14
CA8782527C2B30AEE0530B4214ACA205,2017,周叶萍,嵊州市逸夫小学,2017/8/9
CA8782527CC230AEE0530B4214ACA205,2015,杨冰玉,宁海县实验集团实验校区,2015/8/3
CA8782527A4D30AEE0530B4214ACA205,2021,吴洁,龙游县西门小学,2021/7/20
CA8782527CB830AEE0530B4214ACA205,2015,陈科,慈溪市第二实验小学,2015/8/3
CA8782527CC930AEE0530B4214ACA205,2015,桂华峰,宁波外国语学校,2015/8/3
CA8782527DC430AEE0530B4214ACA205,2013,张合远,平阳县水头镇第一中学,2013/8/27
CA8782527C0930AEE0530B4214ACA205,2017,过晓华,浙江省平湖市实验小学,2017/8/9
CA8782527E6D30AEE0530B4214ACA205,2011,桑建辉,余姚市马渚镇中心小学,2011/9/16
CA8782527BBE30AEE0530B4214ACA205,2017,鲁斌,浙江省余姚中学,2017/8/9
CA8782527C8B30AEE0530B4214ACA205,2015,杨青,浙江师范大学附属丁蕙实验小学,2015/8/3
CA8782527A1730AEE0530B4214ACA205,2021,殷乐,嘉兴市第一中学,2021/7/20
CA8782527CDE30AEE0530B4214ACA205,2015,叶克鹏,平阳县第三中学,2015/8/3
CA8782527EB030AEE0530B4214ACA205,2011,王庆丰,绍兴县柯桥中学,2011/9/16
CA87825279B530AEE0530B4214ACA205,2021,葛丽辉,宁波市鄞州区堇山小学,2021/7/20
CA8782527CE230AEE0530B4214ACA205,2015,刘海宇,泰顺中学,2015/8/3
CA8782527C8530AEE0530B4214ACA205,2015,滕梅芳,杭州市新世纪外国语学校,2015/8/3
CA8782527B0430AEE0530B4214ACA205,2019,杜丽君,瓯海区丽岙华侨小学,2019/8/14
CA8782527E5A30AEE0530B4214ACA205,2011,楼红艳,杭州交通职业高中,2011/9/16
CA8782527EDF30AEE0530B4214ACA205,2011,叶伟建,松阳三中教育集团学校,2011/9/16
CA8782527B3430AEE0530B4214ACA205,2019,赵文浪,浙江省诸暨中学,2019/8/14
CA8782527D1330AEE0530B4214ACA205,2015,沈志勇,鲁迅外国语学校,2015/8/3
CA8782527E1230AEE0530B4214ACA205,2013,吴祖万,丽水中学,2013/8/27
CA8782527C6430AEE0530B4214ACA205,2017,吴卫丽,临海市哲商现代实验小学,2017/8/9
CA8782527C3030AEE0530B4214ACA205,2017,张胜平,浙江省义乌中学,2017/8/9
CA8782527DB830AEE0530B4214ACA205,2013,王少莲,温州市第十五中学,2013/8/27
CA8782527A9530AEE0530B4214ACA205,2021,沈青青,阿克苏市天杭实验学校,2021/7/20
CA8782527A1430AEE0530B4214ACA205,2021,张晓飞,浙江省桐乡市高级中学,2021/7/20
CA8782527AB330AEE0530B4214ACA205,2019,蔡剑锋,杭州市余杭第二高级中学,2019/8/14
CA8782527CF130AEE0530B4214ACA205,2015,沈李琴,嘉兴市南湖区七星镇中心小学,2015/8/3
CA8782527A2730AEE0530B4214ACA205,2021,邱亦斌,诸暨市马剑镇初级中学,2021/7/20
CA8782527ADD30AEE0530B4214ACA205,2019,施伦,宁波外国语学校,2019/8/14
CA8782527D6F30AEE0530B4214ACA205,2015,楼骏飞,义乌市后宅中学,2015/8/3
CA8782527DB530AEE0530B4214ACA205,2013,郑鹏,温州二高,2013/8/27
CA8782527A6330AEE0530B4214ACA205,2021,李勇,台州市路桥区南官小学,2021/7/20
CA8782527E0330AEE0530B4214ACA205,2013,陈硕罡,东阳中学,2013/8/27
CA8782527ABA30AEE0530B4214ACA205,2019,严科君,杭州市临安区於潜第二初级中学,2019/8/14
CA8782527B1A30AEE0530B4214ACA205,2019,黄明,嘉善县中等专业学校,2019/8/14
CA8782527A2830AEE0530B4214ACA205,2021,徐将二,浙江省诸暨市第二高级中学,2021/7/20
CA8782527EDA30AEE0530B4214ACA205,2011,江光华,开化县实验小学,2011/9/16
CA8782527A2C30AEE0530B4214ACA205,2021,石磊,浙江省新昌中学,2021/7/20
CA8782527E3030AEE0530B4214ACA205,2013,何碧波,舟山市新城中心幼儿园,2013/8/27
CA87825279D230AEE0530B4214ACA205,2021,杨磊,温州市实验小学,2021/7/20
CA8782527B8230AEE0530B4214ACA205,2019,谢丹霞,龙泉市第四中学,2019/8/14
CA8782527A8630AEE0530B4214ACA205,2021,蓝晓娟,遂昌县第三中学,2021/7/20
CA8782527C3D30AEE0530B4214ACA205,2017,胡利雅,金华市第五中学,2017/8/9
CA8782527B3330AEE0530B4214ACA205,2019,裘贤玲,绍兴鲁迅中学,2019/8/14
CA8782527BAF30AEE0530B4214ACA205,2017,邵丽美,杭州市富阳区东州街道中心幼儿园,2017/8/9
CA8782527C6830AEE0530B4214ACA205,2017,郭红燕,温岭市方城小学,2017/8/9
CA8782527E5B30AEE0530B4214ACA205,2011,郭绍仪,宁波市北仑中学,2011/9/16
CA8782527E6B30AEE0530B4214ACA205,2011,王哲燕,宁波东海实验学校,2011/9/16
CA8782527BFA30AEE0530B4214ACA205,2017,林晓洁,瓯海区实验小学教育集团南瓯校区,2017/8/9
CA8782527EAE30AEE0530B4214ACA205,2011,姚律,浙江省湖州艺术与设计学校,2011/9/16
CA8782527B7F30AEE0530B4214ACA205,2019,潘俏,缙云县紫薇小学,2019/8/14
CA8782527BF430AEE0530B4214ACA205,2017,苏浙闽,泰顺县实验小学,2017/8/9
CA8782527B8F30AEE0530B4214ACA205,2019,郭继勇,浙江省永嘉第二高级中学,2019/8/14
CA8782527B0B30AEE0530B4214ACA205,2019,盛耀建,浙江省湖州中学,2019/8/14
CA8782527B3D30AEE0530B4214ACA205,2019,吴焕,浙江师范大学婺州外国语学校,2019/8/14
CA8782527C7830AEE0530B4214ACA205,2017,李维斌,定海区第七中学,2017/8/9
CA8782527EB330AEE0530B4214ACA205,2011,陈燕,诸暨市浣纱初级中学,2011/9/16
CA8782527D1C30AEE0530B4214ACA205,2015,冯洪明,诸暨市草塔中学,2015/8/3
CA8782527C5130AEE0530B4214ACA205,2017,余宏飞,开化县第二初级中学,2017/8/9
CA8782527A8230AEE0530B4214ACA205,2021,潘黎君,景宁畲族自治县城北中学,2021/7/20
CA8782527BE030AEE0530B4214ACA205,2017,谢作俊,浙江省永嘉中学,2017/8/9
CA8782527C4230AEE0530B4214ACA205,2017,楼俊君,浦江县新华幼儿园,2017/8/9
CA8782527E8C30AEE0530B4214ACA205,2011,陈传敏,乐清市育英学校,2011/9/16
CA8782527A8F30AEE0530B4214ACA205,2021,赵晨,浙江省丽水中学,2021/7/20
CA8782527B6830AEE0530B4214ACA205,2019,郑萍萍,台州市白云中学,2019/8/14
CA8782527AF930AEE0530B4214ACA205,2019,汪洁飞,温州滨海学校,2019/8/14
CA87825279F730AEE0530B4214ACA205,2021,陈德曹,温州市第二外国语学校,2021/7/20
CA87825279C330AEE0530B4214ACA205,2021,殷卿,慈溪市实验小学教育集团,2021/7/20
CA8782527EC230AEE0530B4214ACA205,2011,王洋平,浙江金华第一中学,2011/9/16
CA8782527ABE30AEE0530B4214ACA205,2019,赖旭辉,浙江省严州中学新安江校区,2019/8/14
CA8782527C1A30AEE0530B4214ACA205,2017,苏卫军,绍兴市第一中学,2017/8/9
CA8782527B1930AEE0530B4214ACA205,2019,陈超,秀洲区王江泾镇中心小学,2019/8/14
CA8782527E1A30AEE0530B4214ACA205,2013,周林仙,云和中学,2013/8/27
CA8782527D6430AEE0530B4214ACA205,2015,张兵琴,浙江省仙居中学,2015/8/3
CA8782527A5630AEE0530B4214ACA205,2021,程真,衢州市工程技术学校,2021/7/20
CA8782527DE830AEE0530B4214ACA205,2013,钱煜明,绍兴市稽山中学,2013/8/27
CA8782527DDE30AEE0530B4214ACA205,2013,全刚,湖州中学,2013/8/27
CA8782527BDF30AEE0530B4214ACA205,2017,虞森,温州第二高级中学,2017/8/9
CA8782527B1830AEE0530B4214ACA205,2019,陶轶敏,南湖区余新镇中心小学,2019/8/14
CA8782527AA030AEE0530B4214ACA205,2019,白引,北京师范大学附属杭州中学,2019/8/14
CA8782527EA730AEE0530B4214ACA205,2011,江卫华,长兴县实验初级中学,2011/9/16
CA8782527E8630AEE0530B4214ACA205,2011,郑雪莲,温州第二中学,2011/9/16
CA8782527A6430AEE0530B4214ACA205,2021,陈赛赛,台州市路桥区峰江街道保全小学,2021/7/20
CA8782527EBA30AEE0530B4214ACA205,2011,黄晶,嵊州市第一中学,2011/9/16
CA8782527C2F30AEE0530B4214ACA205,2017,毛倩宜,浙江省义乌中学,2017/8/9
CA8782527A6730AEE0530B4214ACA205,2021,林冬冬,临海市中等职业技术学校,2021/7/20
CA878252798A30AEE0530B4214ACA205,2021,徐悠然,杭州市澎汇小学,2021/7/20
CA8782527B3F30AEE0530B4214ACA205,2019,李冰,永康市第二中学,2019/8/14
CA8782527CAB30AEE0530B4214ACA205,2015,杜莹,宁波海曙赫德实验学校,2015/8/3
CA8782527C8F30AEE0530B4214ACA205,2015,杨曙,杭州市保m塔实验学校,2015/8/3
CA8782527B6E30AEE0530B4214ACA205,2019,杨柳红,台州中学,2019/8/14
CA8782527AD530AEE0530B4214ACA205,2019,郑钰双,余姚市第五职业技术学校,2019/8/14
CA8782527B3230AEE0530B4214ACA205,2019,任浩军,浙江省上虞中学,2019/8/14
CA8782527D7230AEE0530B4214ACA205,2015,倪慧芳,浙师大杭幼师院附属幼儿园,2015/8/3
CA8782527A6B30AEE0530B4214ACA205,2021,周云凤,临海市特殊教育中心,2021/7/20
CA8782527BAE30AEE0530B4214ACA205,2017,董燕,杭州市富阳区富春第三小学,2017/8/9
CA8782527CE830AEE0530B4214ACA205,2015,陈芝飞,温州市第十四高级中学,2015/8/3
CA8782527A7B30AEE0530B4214ACA205,2021,毛梁成,台州市路桥中学,2021/7/20
CA8782527BC230AEE0530B4214ACA205,2017,何晓灵,宁波市鄞州蓝青学校,2017/8/9
CA8782527E6330AEE0530B4214ACA205,2011,成建芳,慈溪实验高级中学,2011/9/16
CA8782527CE030AEE0530B4214ACA205,2015,陈先松,平阳县鳌江镇第一小学,2015/8/3
CA8782527A3930AEE0530B4214ACA205,2021,干燕燕,义乌市城西街道中心幼儿园,2021/7/20
CA8782527D1A30AEE0530B4214ACA205,2015,郦丹,诸暨市暨阳街道暨阳小学,2015/8/3
CA87825279A130AEE0530B4214ACA205,2021,濮炎萍,杭州市桐庐县富春江幼儿园教育集团,2021/7/20
CA8782527A0C30AEE0530B4214ACA205,2021,金国成,嘉兴市文贤学校,2021/7/20
CA8782527D4630AEE0530B4214ACA205,2015,卢倩倩,青田县温溪镇第二小学,2015/8/3
CA8782527BFD30AEE0530B4214ACA205,2017,吕淑萍,洞头区教育幼儿园,2017/8/9
CA8782527C2530AEE0530B4214ACA205,2017,朱臣,绍兴市上虞区曹娥街道中心幼儿园,2017/8/9
CA8782527BF130AEE0530B4214ACA205,2017,夏明燕,温州市临江小学,2017/8/9
CA8782527CA230AEE0530B4214ACA205,2015,王伟,临安市昌化中学,2015/8/3
CA878252799230AEE0530B4214ACA205,2021,傅霞洁,杭州浦沿中学,2021/7/20
CA87825279DF30AEE0530B4214ACA205,2021,卢青,乐清市城东第一小学,2021/7/20
CA8782527BA430AEE0530B4214ACA205,2017,蒋伟萍,浙江省杭州浦沿中学,2017/8/9
CA8782527BEA30AEE0530B4214ACA205,2017,吕良栋,温州市洞头区霓南义务教育学校,2017/8/9
CA8782527C9330AEE0530B4214ACA205,2015,田燕芳,杭州江南实验学校,2015/8/3
CA8782527ECB30AEE0530B4214ACA205,2011,胡爱芬,磐安县职业技术学校,2011/9/16
CA8782527CD830AEE0530B4214ACA205,2015,李慧,瑞安市滨江幼儿园,2015/8/3
CA8782527DE330AEE0530B4214ACA205,2013,胡晓雄,长兴中学,2013/8/27
CA8782527D7830AEE0530B4214ACA205,2013,祁长伟,杭州市交通职业高级中学,2013/8/27
CA8782527BDA30AEE0530B4214ACA205,2017,王仁龙,泰顺中学,2017/8/9
CA8782527A7130AEE0530B4214ACA205,2021,王肖,温岭市级机关幼儿园,2021/7/20
CA8782527E0230AEE0530B4214ACA205,2013,郑小珍,兰溪市第一中学,2013/8/27
CA8782527B1130AEE0530B4214ACA205,2019,蔡忠伟,德清县士林中学,2019/8/14
CA8782527ABC30AEE0530B4214ACA205,2019,江华锋,桐庐县科技城未来学校,2019/8/14
CA8782527A0530AEE0530B4214ACA205,2021,程晓明,安吉县第三小学,2021/7/20
CA8782527DF730AEE0530B4214ACA205,2013,赵小艺,嵊州市剡山小学,2013/8/27
CA8782527A4130AEE0530B4214ACA205,2021,赵莹颖,武义县芦北小学,2021/7/20
CA8782527B5030AEE0530B4214ACA205,2019,斯玉玲,义乌市胜利幼儿园,2019/8/14
CA8782527A8430AEE0530B4214ACA205,2021,张敏红,浙江省云和中学,2021/7/20
CA8782527A1230AEE0530B4214ACA205,2021,陆益飞,海宁市职业高级中学,2021/7/20
CA8782527ED430AEE0530B4214ACA205,2011,危圣霞,衢州中专,2011/9/16
CA8782527A0A30AEE0530B4214ACA205,2021,王燕芳,浙江师范大学附属秀洲实验学校,2021/7/20
CA8782527ECF30AEE0530B4214ACA205,2011,吴志坚,金华市东苑小学,2011/9/16
CA878252798C30AEE0530B4214ACA205,2021,郑燕,杭州市拱宸中学,2021/7/20
CA8782527D4830AEE0530B4214ACA205,2015,叶庆玲,庆元县实验小学,2015/8/3
CA8782527B5630AEE0530B4214ACA205,2019,高晓娟,衢州中等专业学校,2019/8/14
CA8782527BA830AEE0530B4214ACA205,2017,钱伟,萧山区金山初级中学,2017/8/9
CA8782527B5C30AEE0530B4214ACA205,2019,许玲,江山实验小学,2019/8/14
CA8782527C1D30AEE0530B4214ACA205,2017,高B,绍兴市文澜中学,2017/8/9
CA8782527E7830AEE0530B4214ACA205,2011,张军辉,宁波外事学校,2011/9/16
CA87825279A930AEE0530B4214ACA205,2021,徐苗,杭州学军中学,2021/7/20
CA8782527D5A30AEE0530B4214ACA205,2015,许敏敏,临海市临海小学,2015/8/3
CA8782527C5330AEE0530B4214ACA205,2017,泮珊珊,龙泉市中等职业学校,2017/8/9
CA8782527C5730AEE0530B4214ACA205,2017,谢永剑,遂昌育才中学,2017/8/9
CA8782527D1E30AEE0530B4214ACA205,2015,李丽,嵊州中学,2015/8/3
CA8782527E7630AEE0530B4214ACA205,2011,张良斌,宁波东钱湖旅游学校,2011/9/16
CA8782527AA930AEE0530B4214ACA205,2019,许棣,杭州市袁浦中学,2019/8/14
CA8782527CC530AEE0530B4214ACA205,2015,梁毅,宁波市效实中学,2015/8/3
CA8782527C0630AEE0530B4214ACA205,2017,沈敏燕,嘉善县范泾小学,2017/8/9
CA8782527C0030AEE0530B4214ACA205,2017,张彦,嘉兴市南湖区余新镇中学,2017/8/9
