"地区编码",单位名称,邮政编码,详细地址,评估定级情况,总藏量,电子图书,书架单层总长度,本年新增藏量,本年新增电子图书,当年购买的报刊种类,有效借书证数,总流通人次,书刊文献外借册次,计算机,图书馆网站访问量,实际使用公用房屋建筑面积,实际拥有产权面积,阅览室坐席数,联系电话,组织机构代码,年份
330482,平湖市图书馆,314200,当湖街道三港路,一级馆,0.0,1027681.0,2657992.0,8467.0,43289.0,55000.0,1623.0,123489.0,2507785.0,1217412.0,217.0,7544276.0,14276.0,7720.0,2411,85108268,2018
330211,宁波市镇海区图书馆,315200,招宝山街道人民路58号,一级馆,369427.0,17908.0,0.0,47535.0,0.0,732.0,20856.0,413600.0,496958.0,140.0,74000.0,9000.0,9000.0,400.0,86274799,41956637X,2016
330683,嵊州市图书馆,312400,嵊州市龙会路26号,一级馆,573160.0,4120.0,28590.0,18959.0,3500.0,588.0,25333.0,915992.0,480153.0,63.0,126352.0,3160.0,3160.0,350.0,83011103,681694019,2017
331023,天台县图书馆,317200,天台县赤城街道劳动路27号,三级馆,150433.0,15354.0,1661.0,10028.0,0.0,196.0,5724.0,1120000.0,93347.0,34.0,0.0,1658.0,1658.0,124.0,83880298,799629626,2016
330104,江干区图书馆,310016,江干区太平门直街458号,一级馆,374679.0,350000.0,434.0,52131.0,350000.0,452.0,12819.0,458473.0,934986.0,54.0,8399.0,3500.0,0.0,747.0,86753385,691744104,2017
330701,金华严济慈图书馆（金华市图书馆）,321000,永康街288号,一级馆,488940.0,814646.0,7700.0,77988.0,0.0,822.0,53349.0,1152244.0,474183.0,115.0,102400.0,11396.0,0.0,614.0,82069522,556195130,2017
330421,嘉善县图书馆,314100,谈公北路57号,一级馆,869754.0,500992.0,7360.0,174280.0,410992.0,468.0,55371.0,1941244.0,864835.0,62.0,48000.0,4302.0,4302.0,308.0,84128543,471001392,2016
330206,宁波大榭开发区图书馆（青少年宫）,315812,宁波北仑区大榭街道海山路103号,无等级馆,93684.0,3000.0,1691.0,18721.0,3000.0,463.0,3126.0,25600.0,62894.0,40.0,0.0,3006.0,3006.0,207.0,86751562,309027375,2017
331123,遂昌县图书馆,323300,浙江省遂昌县妙高镇公园路95号,三级馆,148559.0,0.0,2122.0,8980.0,0.0,315.0,4993.0,70218.0,99636.0,36.0,0.0,1700.0,1700.0,170.0,8122284,472490511,2016
330401,嘉兴市图书馆,314001,嘉兴市海盐塘路,一级馆,2509823.0,1581900.0,19011.0,147474.0,50000.0,4024.0,223385.0,3609773.0,2288501.0,311.0,1028638.0,31520.0,0.0,811.0,82535026,470890757,2017
330999,舟山市图书馆,316000,舟山市临城海天大道,一级馆,868461.0,3.329365E8,14871.0,157745.0,2.42846344E8,1541.0,66194.0,814401.0,783804.0,189.0,237696.0,12360.0,12360.0,672.0,8063608,472092839,2016
330281,余姚市图书馆,315400,浙江省余姚市舜水南路106号,一级馆,617479.0,19632.0,6216.0,39079.0,2621.0,674.0,26681.0,189708.0,519544.0,58.0,497797.0,2163.0,2163.0,180.0,62705920,419642408,2016
330726,浦江县图书馆,322200,浙江省浦江县浦阳镇书画街62＃,一级馆,0.0,429120.0,115520.0,5600.0,85053.0,196.0,394.0,16674.0,321332.0,190300.0,66.0,0.0,7157.0,2500.0,324,84112451,2018
330327,苍南县图书馆,325800,苍南县灵溪镇湖滨路58号,一级馆,0.0,1272242.0,34120.0,4540.0,73614.0,24123.0,684.0,57274.0,880923.0,659306.0,70.0,90843.0,9185.0,8385.0,770,68871060,2018
330206,宁波市北仑区图书馆,315800,宁波市北仑区新\街道星中路4号,一级馆,620476.0,2100000.0,56355.0,51912.0,0.0,1243.0,10495.0,791204.0,1593916.0,118.0,184687.0,16610.0,16610.0,800.0,86781983,419560306,2016
330199,杭州少年儿童图书馆,310000,杭州市曙光路75号,一级馆,1108131.0,11265.0,5352.0,44982.0,0.0,441.0,306011.0,612048.0,1399492.0,92.0,1255270.0,6003.0,5695.0,895.0,86535018,470115283,2016
331122,缙云县图书馆,321400,缙云县五云街道溪滨南路45号,二级馆,339488.0,76165.0,8470.0,120462.0,6482.0,600.0,3499.0,147300.0,98590.0,80.0,7221.0,3700.0,3700.0,200.0,3122622,472461091,2016
330204,宁波市江东区图书馆,315040,宁波市江东区体育场,一级馆,299329.0,3000000.0,1405.0,38943.0,0.0,619.0,35921.0,1368832.0,1198926.0,70.0,259106.0,7707.0,0.0,650.0,87708512,775641700,2016
330103,杭州市下城区图书馆,310014,下城区潮王路8号,一级馆,0.0,377152.0,202500.0,450.0,17152.0,0.0,246.0,42521.0,1100000.0,573726.0,57.0,108379.0,4500.0,0.0,650,85332517,2018
330483,桐乡市图书馆,314500,市政广场西侧,一级馆,1333374.0,155000.0,4368.0,85487.0,3000.0,700.0,100529.0,2253103.0,1024138.0,80.0,131335.0,13595.0,0.0,1394.0,88113636,471060368,2017
330702,婺城区图书馆,321000,金华市临江东路8号,无等级馆,35330.0,1020000.0,320.0,5280.0,20000.0,300.0,125.0,60000.0,30000.0,40.0,0.0,3078.0,0.0,240.0,89802012,056894066,2016
330522,长兴县图书馆,313100,浙江省长兴县植物园路2号,一级馆,490514.0,46558.0,7350.0,24896.0,0.0,902.0,40312.0,1185496.0,934093.0,60.0,1460405.0,11000.0,0.0,800.0,6227911,471260298,2016
331124,松阳县图书馆,323400,松阳县西屏镇白露岭路A2号,二级馆,0.0,231126.0,1300000.0,360.0,7820.0,0.0,359.0,5128.0,202064.0,153195.0,40.0,10000.0,3119.0,3119.0,176,8062339,2018
331101,丽水市图书馆,323000,丽水市文昌路144号,无等级馆,388194.0,1000000.0,1171.0,19239.0,0.0,495.0,6351.0,190000.0,244700.0,60.0,584200.0,1693.0,1553.0,45.0,2272080,472311069,2017
330382,乐清市图书馆,325600,乐清市乐成镇南大街109号,一级馆,503331.0,400000.0,8000.0,55228.0,0.0,540.0,29810.0,2279650.0,346474.0,100.0,10000.0,31645.0,0.0,4000.0,62526562,470681306,2016
331003,黄岩区图书馆,318020,黄岩区直下街20号,二级馆,1318487.0,941.0,6450.0,250348.0,0.0,409.0,11671.0,1718712.0,1169142.0,37.0,15034.0,19520.0,798.0,155.0,84113618,754901139,2017
330328,文成县图书馆,325300,文成县大N伯温路118号,二级馆,419973.0,200000.0,1820.0,53403.0,0.0,380.0,13471.0,339831.0,228498.0,147.0,5236.0,9978.0,9978.0,560.0,67864376,470800619,2016
330303,温州市龙湾区图书馆,325058,温州市龙湾区永中街道龙康路89号,一级馆,0.0,511404.0,1399998.0,8864.0,57283.0,9003.0,465.0,37178.0,1394302.0,578009.0,99.0,255154.0,12145.0,0.0,964,86968257,2018
330881,江山市图书馆,324100,江山市江路18－2号,二级馆,272674.0,7400.0,4600.0,24114.0,6400.0,365.0,14888.0,361527.0,335384.0,54.0,0.0,2007.0,0.0,208.0,4020711,472061995,2017
330226,宁海县图书馆,315600,宁海县桃源街道桃源北路9号,一级馆,0.0,460850.0,1025000.0,5540.0,27628.0,0.0,465.0,32063.0,238750.0,609955.0,94.0,24230.0,5000.0,5000.0,420,83556058,2018
330199,杭州图书馆,310016,杭州市解放东路58号,一级馆,4830619.0,205969.0,58508.0,154323.0,0.0,3935.0,8751208.0,3725729.0,2396620.0,482.0,1011858.0,49088.0,5228.0,2392.0,86535018,470115232,2016
330799,金华市少儿童图书馆,321000,金华市婺江东路238号,二级馆,320633.0,1503.0,525.0,47746.0,0.0,655.0,19900.0,238000.0,262000.0,92.0,40000.0,3700.0,0.0,80.0,82325322,471543159,2016
330803,衢江区图书馆,324022,衢江区东方广场四楼衢江区图书馆,二级馆,173126.0,0.0,2438.0,41137.0,0.0,156.0,4163.0,309463.0,113503.0,46.0,0.0,1600.0,1600.0,220.0,2291507,003308502,2017
330206,宁波市北仑区图书馆,315800,宁波市北仑区中河南路288号,一级馆,0.0,760080.0,2004800.0,56355.0,38429.0,0.0,953.0,51599.0,922500.0,1618658.0,90.0,80508.0,16610.0,16610.0,800,86781983,2018
331181,龙泉市图书馆,323700,龙泉市贤良路人民广场内,一级馆,0.0,230027.0,4604200.0,1786.0,10831.0,1500.0,299.0,10407.0,352420.0,150763.0,110.0,6103.0,5444.0,3678.0,400,7128713,2018
330301,温州市图书馆,325000,温州市市府路506号,一级馆,0.0,3110069.0,2390479.0,75600.0,235166.0,14600.0,2018.0,342506.0,2738709.0,2079322.0,419.0,1189788.0,36170.0,32000.0,2443,88957525,2018
330185,临安市图书馆,311300,临安市锦城街道城中街261号,一级馆,584720.0,190000.0,6574.0,60687.0,50000.0,895.0,41904.0,553786.0,525084.0,78.0,27151.0,8051.0,8051.0,488.0,63722018,470361943,2016
330784,永康市图书馆,321300,永康市紫微中路138号,一级馆,0.0,496879.0,1005000.0,870.0,26873.0,0.0,741.0,27936.0,386542.0,329511.0,72.0,14546.0,8453.0,8453.0,241,87135370,2018
330902,定海区图书馆,316000,定海区环城西路98号,一级馆,213890.0,7943.0,7100.0,15926.0,0.0,753.0,78150.0,404019.0,474356.0,67.0,25384.0,2800.0,3630.0,330.0,2600303,05955194X,2016
330302,鹿城区图书馆,325000,浙江省温州市鹿城区鞋都大道1130号,无等级馆,1026094.0,208750.0,2111.0,31110.0,0.0,334.0,25889.0,795704.0,248768.0,58.0,7226.0,5916.0,5533.0,410.0,55577826,677227098,2017
331082,临海市图书馆,317000,临海市东湖路35号,一级馆,434661.0,0.0,2778.0,44359.0,45652.0,478.0,19037.0,2281500.0,301660.0,46.0,223000.0,3500.0,3500.0,300.0,85111366,728441861,2016
330203,宁波市海曙区图书馆,315000,宁波市海曙区沁园街345号海曙区文体中心一层,一级馆,199235.0,40000.0,2211.0,24954.0,5000.0,337.0,11841.0,365892.0,562249.0,62.0,2300.0,2200.0,5400.0,348.0,87122351,775639379,2016
330621,绍兴市柯桥区图书馆,312030,绍兴市柯桥区明珠路396号,一级馆,501488.0,77624.0,6128.0,60197.0,4000.0,1478.0,63518.0,807157.0,372198.0,114.0,51417.0,9646.0,4800.0,1126.0,85282968,DJ1235235,2017
330382,乐清市图书馆,325600,乐清市乐成镇南大街109号,一级馆,0.0,793705.0,1350000.0,6000.0,88117.0,100000.0,1433.0,67658.0,2345000.0,1184837.0,122.0,37111.0,32630.0,0.0,3000,62526562,2018
330183,富阳区图书馆,311400,浙江省富阳市富春街道富春路3号,一级馆,495280.0,9541000.0,1600.0,27171.0,35000.0,745.0,621510.0,357650.0,1063000.0,84.0,88141.0,3550.0,3550.0,466.0,63323974,47033331X,2017
330727,磐安县图书馆,322300,磐安县海螺街43号,一级馆,202074.0,7026.0,5182.0,30467.0,0.0,233.0,8815.0,39991.0,73425.0,37.0,12000.0,3036.0,3036.0,200.0,84661410,471710658,2016
330922,嵊泗县图书馆,202450,嵊泗县菜园镇望海路393号,二级馆,125478.0,2826.0,3722.0,8210.0,652.0,409.0,3329.0,31155.0,63900.0,48.0,9423.0,3700.0,0.0,152.0,5089148,472230736,2016
330302,鹿城区图书馆,325000,浙江省温州市鹿城区鞋都大道1130号,无等级馆,0.0,1050763.0,208750.0,2111.0,24669.0,0.0,292.0,34175.0,941827.0,290433.0,58.0,6930.0,8877.0,5533.0,410,55577826,2018
330381,瑞安市图书馆,325200,瑞安市安阳罗阳大道瑞安广场东首,一级馆,896511.0,1413000.0,0.0,110123.0,13000.0,1754.0,115621.0,1452925.0,1033699.0,160.0,88590.0,14872.0,12172.0,480.0,66886991,470869229,2017
330211,镇海区图书馆,315200,镇海区骆驼街道民和路802号,一级馆,0.0,582262.0,17908.0,6000.0,24164.0,0.0,765.0,30740.0,810834.0,920732.0,140.0,0.0,9000.0,9000.0,400,55886562,2018
330822,常山县图书馆,324200,常山县天马街道人民路119号,二级馆,295432.0,1000000.0,547.0,9281.0,996700.0,400.0,3973.0,103000.0,84560.0,92.0,0.0,2741.0,0.0,208.0,5017364,471971815,2017
330424,张元济图书馆,314300,海盐县武原镇文昌东路6号,一级馆,751641.0,1000000.0,8313.0,38488.0,120000.0,853.0,51370.0,1855000.0,755040.0,140.0,253665.0,11843.0,10743.0,750.0,86023951,47103029X,2017
330304,瓯海区图书馆,325000,娄桥行政中心3号楼4楼,三级馆,416613.0,300000.0,0.0,144076.0,0.0,664.0,29688.0,1124000.0,394501.0,111.0,80314.0,29000.0,0.0,877.0,88521692,E94886050,2016
331021,玉环县图书馆,317600,浙江台州玉环玉城街道城关广陵路69号,二级馆,740478.0,100000.0,4351.0,400210.0,50000.0,0.0,445140.0,821034.0,770216.0,49.0,39328.0,1848.0,1215.0,302.0,87221558,472840024,2017
330781,兰溪市图书馆,321100,浙江省兰溪市李渔路180号,一级馆,257807.0,27570.0,5116.0,18131.0,1954.0,547.0,79749.0,202857.0,142857.0,55.0,40566.0,5553.0,5553.0,284.0,88895607,TJ0781038,2016
339900,浙江图书馆,310007,杭州曙光路73号,一级馆,6485355.0,1606546.0,62322.0,246537.0,210396.0,8397.0,64740.0,2590263.0,1421892.0,540.0,3.1811739E7,54500.0,49242.0,1570.0,87988591,470049722,2016
330101,杭州少年儿童图书馆,310000,杭州市曙光路75号,一级馆,0.0,1372241.0,1212729.0,5369.0,70965.0,200000.0,524.0,40505.0,501160.0,975173.0,92.0,6568630.0,6003.0,5695.0,557,86535018,2018
330185,临安市图书馆,311300,临安市锦城街道城中街261号,一级馆,712535.0,340000.0,6574.0,68034.0,50000.0,935.0,53066.0,566391.0,506907.0,78.0,17779.0,8051.0,8051.0,500.0,63722018,470361943,2017
330903,普陀区图书馆,316100,舟山市普陀区东港海华路589号,一级馆,0.0,335189.0,1006400.0,10767.0,16097.0,2400.0,491.0,49275.0,651400.0,719452.0,143.0,36170.0,8296.0,0.0,600,3806697,2018
330322,洞头县图书馆,325700,洞头县北岙街道新城区市民活动中心,一级馆,283724.0,200288.0,2890.0,23089.0,38.0,127.0,12336.0,111431.0,193172.0,62.0,114778.0,4150.0,4050.0,338.0,63483931,470651828,2017
330501,湖州市图书馆,313000,龙王山路728号,一级馆,0.0,1049059.0,519770.0,16289.0,69682.0,139770.0,1024.0,75187.0,1754025.0,1313837.0,160.0,828469.0,16300.0,15395.0,780,2399856,2018
330225,象山县图书馆,315700,丹东街道教育园区内,一级馆,0.0,561914.0,1000000.0,3500.0,29300.0,0.0,220.0,26117.0,400000.0,390000.0,62.0,310514.0,4080.0,2880.0,396,65776720,2018
331002,台州市椒江区图书馆,318000,浙江省台州市椒江区东枫山路16号,一级馆,693487.0,2469971.0,1870.0,154981.0,154971.0,436.0,18938.0,1661231.0,706007.0,51.0,19189.0,7380.0,3600.0,382.0,88801732,472630238,2017
330624,新昌县图书馆,312500,新昌县七星街道鼓山西路128号,一级馆,372295.0,252200.0,674.0,55295.0,1800.0,1100.0,3176.0,580911.0,222942.0,96.0,68090.0,6000.0,6000.0,400.0,86022506,471450200,2017
330382,乐清市图书馆,325600,乐清市乐成镇南大街109号,一级馆,705588.0,1250000.0,6000.0,127172.0,200000.0,1433.0,56356.0,2328624.0,868908.0,122.0,29864.0,31645.0,0.0,3000.0,62526562,470681306,2017
330922,嵊泗县图书馆,202450,嵊泗县菜园镇望海路393号,二级馆,0.0,143861.0,4545.0,3722.0,7598.0,872.0,361.0,3310.0,28518.0,58481.0,50.0,57871.0,3700.0,0.0,152,5089148,2018
330281,余姚市图书馆,315400,浙江省余姚市舜水南路106号,一级馆,0.0,731135.0,2378606.0,6581.0,31818.0,100583.0,639.0,34683.0,567728.0,1105568.0,58.0,89136.0,3184.0,2287.0,180,62705920,2018
330726,浦江县图书馆,322200,浙江省浦江县浦阳镇书画街62＃,一级馆,344067.0,115324.0,5250.0,35225.0,11166.0,369.0,14893.0,312200.0,188200.0,65.0,8847.0,2500.0,2500.0,280.0,84112451,471680049,2017
330825,龙游县图书馆,324400,龙游县龙洲街道文化东路534号,二级馆,0.0,221828.0,40000.0,3152.0,25008.0,20000.0,135.0,13442.0,221121.0,216987.0,41.0,552439.0,2140.0,1630.0,300,7021833,2018
330282,慈溪市图书馆,315300,慈溪市新城大道北路55号,一级馆,0.0,2008438.0,2001353.0,13726.0,40868.0,2768.0,8906.0,78860.0,863434.0,805353.0,1603.0,1504086.0,52616.0,15018.0,1783,63035705,2018
330182,建德市图书馆,311600,建德市广兴路10号,一级馆,611567.0,57200.0,4980.0,51982.0,0.0,630.0,470000.0,441000.0,334000.0,91.0,24135.0,4295.0,4295.0,402.0,64070880,470482585,2016
331125,云和县图书馆,323600,云和县公园路100号,一级馆,0.0,224833.0,3630336.0,5141.0,26453.0,1580136.0,275.0,14234.0,251341.0,145442.0,72.0,20387.0,6205.0,0.0,460,5121509,2018
330503,湖州市南浔区图书馆,313009,湖州市南浔镇向阳路601号,无等级馆,0.0,601520.0,2821890.0,3750.0,30332.0,25638.0,352.0,0.0,495164.0,290382.0,99.0,18182.0,4600.0,4600.0,420,3023169,2018
330324,永嘉县图书馆,325100,永嘉县上塘镇广场路61号,二级馆,0.0,657458.0,300000.0,3456.0,91326.0,50000.0,796.0,35098.0,665523.0,548732.0,56.0,0.0,18635.0,1740.0,450,57673799,2018
330206,宁波市北仑区图书馆,315800,宁波市北仑区中河南路288号,一级馆,734185.0,2004800.0,56355.0,54360.0,0.0,1211.0,45768.0,995000.0,1557000.0,90.0,102950.0,16610.0,16610.0,800.0,86781983,419560306,2017
330723,武义县图书馆,321200,武川中路18号,一级馆,0.0,332665.0,81272.0,9914.0,17483.0,8000.0,258.0,11702.0,340673.0,219479.0,50.0,29132.0,7007.0,7007.0,347,87631595,2018
330481,海宁市图书馆,314400,海宁市学林街60-62号,一级馆,0.0,1898568.0,1247000.0,31196.0,141069.0,14000.0,2475.0,428985.0,3334875.0,2290676.0,835.0,824945.0,31576.0,0.0,6811,89267507,2018
330212,宁波市鄞州区图书馆,315100,浙江省宁波市鄞州区钱湖南路928号,一级馆,0.0,2109693.0,1410000.0,7500.0,116867.0,0.0,2300.0,651273.0,4754488.0,1987167.0,374.0,36130.0,28594.0,0.0,1498,88126558,2018
330182,建德市图书馆,311600,建德市广兴路10号,一级馆,695192.0,59438.0,5088.0,33584.0,630.0,585.0,470000.0,551700.0,415000.0,66.0,22000.0,6037.0,6037.0,392.0,64070880,470482585,2017
330703,金华市金东区公共图书馆,321000,金华市金东区艾青路丽泽公园内（金华一中北门对面）,无等级馆,98000.0,0.0,8.0,5000.0,0.0,105.0,0.0,0.0,0.0,28.0,0.0,3615.0,3615.0,180.0,82172160,123307037,2017
331126,庆元县图书馆,323800,松源镇髦藿132号,三级馆,114442.0,12.0,1246.0,9000.0,5.0,170.0,3904.0,56800.0,28671.0,47.0,0.0,681.0,681.0,80.0,6113269,472430498,2016
331181,龙泉市图书馆,323700,龙泉市贤良路人民广场内,二级馆,192789.0,4603350.0,1786.0,13358.0,102850.0,411.0,7123.0,258767.0,171329.0,69.0,7937.0,5444.0,3678.0,375.0,7128713,472401419,2016
330110,杭州市余杭区图书馆,311100,临平世纪大道49号,一级馆,0.0,1271474.0,1413043.0,6873.0,57384.0,2888.0,270.0,1466.0,78762.0,921197.0,143.0,74544.0,10931.0,10931.0,477,89188015,2018
330108,杭州市滨江区图书馆,310000,杭州市滨江区泰安路200号滨江文化中心6楼,一级馆,0.0,365550.0,1215729.0,0.0,122202.0,0.0,566.0,32841.0,925565.0,542373.0,88.0,0.0,7000.0,0.0,787,87702381,2018
330784,永康市图书馆,321300,永康市紫微中路138号,一级馆,470006.0,1005000.0,870.0,23000.0,3000.0,643.0,25051.0,394524.0,345922.0,71.0,10455.0,8453.0,8453.0,241.0,87135370,471831951,2017
330225,象山县图书馆,315700,丹东街道教育园区内,一级馆,476799.0,1000000.0,3350.0,29176.0,0.0,368.0,35497.0,407340.0,300753.0,60.0,307364.0,7080.0,2880.0,396.0,65776720,41957533X,2017
330283,奉化区图书馆,315500,奉化区中山东路16号,一级馆,0.0,258495.0,2515.0,1000.0,46229.0,310.0,428.0,24341.0,578976.0,519884.0,51.0,221546.0,17043.0,35.0,423,88905922,2018
330324,永嘉县图书馆,325100,永嘉县上塘镇广场路61号,二级馆,431832.0,250000.0,3456.0,36608.0,0.0,568.0,7933.0,344051.0,147041.0,185.0,235000.0,4857.0,1740.0,450.0,67252930,734535354,2016
330599,湖州市图书馆,313000,龙王山路728号,一级馆,864198.0,88800.0,15489.0,54642.0,0.0,1061.0,58180.0,1400106.0,1071504.0,230.0,129873.0,15700.0,15700.0,570.0,2399856,471171586,2016
330105,杭州市拱墅区图书馆,310015,拱墅区北城街55号（拱墅区人防大厦B座）,一级馆,460580.0,3000.0,2492.0,37457.0,0.0,580.0,29846.0,993197.0,335934.0,50.0,7934.0,9000.0,0.0,700.0,88162829,TJ0503011,2017
330824,开化县图书馆,324300,开化县城关镇6号,无等级馆,0.0,329492.0,163026.0,1480.0,17183.0,54000.0,221.0,8180.0,140156.0,152130.0,93.0,5569.0,2065.0,1655.0,208,6014288,2018
330282,慈溪市图书馆,315300,慈溪市新城大道北路55号,一级馆,715004.0,0.0,5664.0,48772.0,0.0,1695.0,62598.0,599837.0,452548.0,260.0,123507.0,15018.0,15018.0,1000.0,63035705,419687913,2016
331121,青田县图书馆,323900,临江东路56号,三级馆,0.0,238430.0,180000.0,11708.0,28828.0,180000.0,634.0,11696.0,1020081.0,228298.0,148.0,65500.0,5580.0,2380.0,266,6823348,2018
330601,绍兴图书馆,312000,浙江省绍兴市洋江西路530号,一级馆,1774257.0,236045.0,35461.0,141650.0,5414.0,2933.0,188143.0,1893780.0,1993300.0,304.0,290531.0,51913.0,16997.0,2094.0,88338215,471321038,2017
330483,桐乡市图书馆,314500,市政广场西侧,一级馆,0.0,1374261.0,158000.0,4368.0,121563.0,3000.0,700.0,115904.0,2364783.0,1058538.0,80.0,138712.0,13595.0,0.0,1394,88113636,2018
330482,平湖市图书馆,314200,当湖街道三港路,一级馆,984392.0,2602992.0,8054.0,46688.0,50000.0,1648.0,83351.0,2164822.0,1180208.0,191.0,5697377.0,13730.0,7720.0,1647.0,85108268,471141424,2017
330106,杭州市西湖区图书馆,310007,杭州市西湖区古墩路413号,一级馆,761115.0,0.0,128.0,36999.0,0.0,526.0,38085.0,807111.0,1805131.0,57.0,309220.0,3200.0,0.0,300.0,87981283,78239260X,2017
330783,东阳市图书馆,322100,东阳市黉门广场南路45号,一级馆,402231.0,20000.0,6657.0,24863.0,20000.0,578.0,20589.0,339116.0,335950.0,76.0,92101.0,5546.0,5156.0,365.0,86099294,660566579,2017
330226,宁海县图书馆,315600,宁海县桃源街道桃源北路9号,一级馆,438990.0,1020000.0,5540.0,22380.0,0.0,465.0,29755.0,220720.0,608575.0,94.0,22000.0,5000.0,5000.0,420.0,83556058,002966079,2017
330624,新昌县图书馆,312500,新昌县七星街道鼓山西路128号,一级馆,0.0,450696.0,254000.0,6893.0,78401.0,1800.0,1084.0,30350.0,600500.0,223542.0,98.0,47787.0,6000.0,6000.0,450,86022506,2018
330803,衢江区图书馆,324022,衢江区府前路6号,二级馆,119000.0,0.0,0.0,15000.0,0.0,0.0,130.0,20000.0,13100.0,32.0,0.0,1600.0,1600.0,126.0,38389700,003308502,2016
331125,云和县图书馆,323600,云和县公园路100号,一级馆,198380.0,2050200.0,5141.0,16178.0,40100.0,292.0,13743.0,150568.0,140349.0,72.0,15000.0,6205.0,0.0,460.0,5121509,472370683,2017
330105,杭州市拱墅区图书馆,310015,台州路运河广场1号,一级馆,399800.0,10000.0,2160.0,170800.0,0.0,600.0,20000.0,820000.0,500000.0,114.0,48342.0,2500.0,0.0,288.0,88162801,TJ0503011,2016
330122,桐庐县图书馆,311500,桐君街道白云源路608号,一级馆,623552.0,933000.0,8895.0,52512.0,10000.0,591.0,422331.0,235993.0,467251.0,79.0,75382.0,7760.0,1560.0,373.0,64218555,470300067,2017
330108,杭州市滨江区图书馆,310000,杭州市滨安路高新区后勤服务中心三楼,无等级馆,0.0,0.0,0.0,0.0,0.0,0.0,0.0,0.0,0.0,0.0,0.0,0.0,0.0,0.0,87702381,TJ3001084,2016
330203,宁波市海曙区图书馆,315000,宁波市海曙区沁园街345号海曙区文体中心一层,一级馆,196060.0,46000.0,2211.0,16954.0,200.0,350.0,8806.0,2024367.0,716819.0,68.0,5000.0,2200.0,5400.0,348.0,87122351,775639379,2017
330281,余姚市图书馆,315400,浙江省余姚市舜水南路106号,一级馆,699317.0,2276264.0,6581.0,59168.0,50000.0,640.0,32501.0,483579.0,1132826.0,58.0,655909.0,2493.0,3184.0,180.0,62705920,419642408,2017
330783,东阳市图书馆,322100,东阳市黉门广场南路45号,一级馆,0.0,516106.0,40000.0,6837.0,113875.0,20000.0,508.0,24315.0,419254.0,340120.0,76.0,21503.0,5546.0,5156.0,365,86099294,2018
330503,湖州市南浔区图书馆,313009,湖州市南浔镇向阳路601号,无等级馆,571188.0,2820075.0,3750.0,278150.0,23823.0,329.0,15983.0,353201.0,233633.0,99.0,16822.0,4600.0,4600.0,420.0,3023169,564446702,2017
330783,东阳市图书馆,322100,东阳市黉门广场南路45号,一级馆,357712.0,5476.0,6657.0,23559.0,5000.0,533.0,25032.0,174515.0,176380.0,81.0,0.0,5156.0,5156.0,324.0,86862605,660566579,2016
330903,普陀区图书馆,316100,舟山市普陀区东港海华路589号,一级馆,319092.0,1224400.0,10767.0,19511.0,4400.0,522.0,47922.0,646481.0,682000.0,143.0,47269.0,8296.0,0.0,600.0,3806697,472170411,2017
331124,松阳县图书馆,323400,松阳县西屏镇白露岭路A2号,二级馆,212229.0,1300000.0,360.0,8729.0,1300000.0,490.0,3989.0,78000.0,95840.0,39.0,10000.0,3119.0,3119.0,176.0,8062339,472520581,2016
330327,苍南县图书馆,325800,苍南县灵溪镇湖滨路58号,一级馆,1115046.0,34489.0,4060.0,67338.0,0.0,603.0,33228.0,480000.0,520309.0,80.0,62300.0,9185.0,8385.0,770.0,68871060,47078708X,2016
330702,婺城区图书馆,321000,金华市临江东路8号,无等级馆,109098.0,1327215.0,320.0,29098.0,307000.0,276.0,3822.0,230000.0,131676.0,53.0,86541.0,5200.0,0.0,263.0,89802003,056894066,2017
330101,浙江图书馆,310007,杭州曙光路73号,一级馆,6906382.0,2545420.0,122923.0,329549.0,797240.0,8057.0,60833.0,4582651.0,1676288.0,811.0,1.9562972E7,57000.0,51732.0,1500.0,87988591,470049722,2017
331125,云和县图书馆,323600,云和县公园路100号,一级馆,192419.0,1003800.0,4476.0,19296.0,1800.0,270.0,4118.0,109820.0,100603.0,57.0,34520.0,3205.0,3205.0,450.0,5121509,472370683,2016
331102,丽水市莲都区图书馆,323000,浙江省丽水市莲都区人民街557号,无等级馆,0.0,131233.0,828000.0,617.0,85762.0,772100.0,391.0,11321.0,624400.0,178278.0,53.0,61733.0,4600.0,0.0,706,2186683,2018
330424,张元济图书馆,314300,海盐县武原镇文昌东路6号,一级馆,670090.0,380000.0,8313.0,43372.0,80000.0,853.0,52416.0,1200000.0,671110.0,140.0,801526.0,11843.0,10743.0,750.0,86023951,47103029X,2016
331102,丽水市莲都区图书馆,323000,浙江省丽水市莲都区人民街557号,无等级馆,45471.0,28000.0,617.0,37438.0,18900.0,0.0,0.0,92500.0,68321.0,53.0,0.0,4600.0,0.0,606.0,2186683,323440158,2017
330110,杭州市余杭区图书馆,311100,临平世纪大道49号,一级馆,899096.0,1352430.0,6873.0,59194.0,3333.0,1196.0,950919.0,1121291.0,651521.0,123.0,108770.0,10931.0,10931.0,1260.0,89188015,470390867,2017
330602,绍兴市越城区图书馆,312000,延安路565号,一级馆,303673.0,201800.0,3425.0,68222.0,1800.0,410.0,13780.0,1355955.0,621843.0,75.0,28313.0,5864.0,0.0,522.0,88401318,327887635,2017
330203,宁波市图书馆,315010,浙江省宁波市海曙区永丰路135号,二级馆,0.0,2713388.0,3395347.0,27356.0,335093.0,145000.0,2348.0,192541.0,1375650.0,2656946.0,407.0,5.4956742E7,47168.0,10812.0,2503,87247257,2018
330782,义乌市图书馆,322000,义乌市宗泽东路35号,一级馆,928594.0,161606.0,15000.0,116036.0,0.0,1475.0,72263.0,1214500.0,606000.0,100.0,480000.0,21658.0,21658.0,1520.0,85313300,471770781,2017
330304,瓯海区图书馆,325000,娄桥行政中心3号楼4楼,一级馆,0.0,895757.0,322812.0,0.0,224330.0,6030.0,640.0,85029.0,1301000.0,1313300.0,111.0,347965.0,29000.0,0.0,877,88521692,2018
330329,泰顺县图书馆,325500,泰顺县罗阳镇南大街书山弄3-8号,一级馆,303667.0,200000.0,1.0,38495.0,0.0,407.0,23039.0,395698.0,303743.0,161.0,68391.0,8390.0,6500.0,1045.0,67583693,470830455,2017
330701,金华市少儿童图书馆,321000,金华市婺江东路238号,二级馆,413796.0,26729.0,525.0,30853.0,20226.0,891.0,21588.0,376000.0,380000.0,93.0,40400.0,3700.0,0.0,80.0,82325322,471543159,2017
330921,岱山县图书馆,316200,岱山县高亭镇长河路126号,一级馆,295028.0,803584.0,3861.0,14536.0,0.0,267.0,10388.0,273427.0,255726.0,50.0,10732.0,7591.0,0.0,410.0,4471570,472200449,2017
330305,洞头县图书馆,325700,洞头县北岙街道新城区市民活动中心,一级馆,0.0,320296.0,200288.0,2890.0,36572.0,0.0,133.0,14350.0,164945.0,179372.0,62.0,87449.0,4150.0,4050.0,338,63483931,2018
330801,衢州市图书馆,324000,三衢路319号,无等级馆,0.0,731311.0,4700.0,6589.0,56238.0,0.0,588.0,56654.0,750380.0,481500.0,104.0,120955.0,13105.0,0.0,164,8758185,2018
331081,温岭市图书馆,317500,浙江省温岭市太平街道溪滨路58号,一级馆,1461504.0,123930.0,5532.0,457473.0,0.0,630.0,39234.0,9901049.0,1483544.0,66.0,189733.0,18665.0,4250.0,403.0,86223922,472723389,2017
330881,江山市图书馆,324100,江山市江路18－2号,二级馆,225890.0,3800.0,4600.0,19355.0,1800.0,365.0,15289.0,238473.0,256250.0,49.0,0.0,2007.0,0.0,208.0,4020711,472061995,2016
331122,缙云县图书馆,321400,缙云县五云街道溪滨南路45号,二级馆,378710.0,76700.0,8470.0,23114.0,536.0,936.0,10413.0,599906.0,368716.0,84.0,7220.0,6535.0,4300.0,735.0,3122622,472461091,2017
331022,三门县图书馆,317100,三门县上洋路261号,二级馆,0.0,388150.0,46766.0,611.0,36520.0,0.0,365.0,16614.0,833300.0,388956.0,45.0,6929.0,2763.0,2023.0,414,83379152,2018
330503,湖州市南浔区图书馆,313009,湖州市南浔镇向阳路601号,无等级馆,266289.0,80000.0,3750.0,17320.0,0.0,329.0,7286.0,302310.0,284400.0,94.0,84510.0,4600.0,4600.0,420.0,3023369,564446702,2016
331123,遂昌县图书馆,323300,浙江省遂昌县妙高镇公园路95号,三级馆,197724.0,16000.0,2122.0,32412.0,3000.0,331.0,6800.0,76128.0,70802.0,40.0,3576.0,1700.0,1700.0,170.0,8122284,472490511,2017
331004,台州市路桥区图书馆,318050,台州市路桥区路北街道腾达路1300号,无等级馆,0.0,736315.0,1600000.0,8820.0,58196.0,100000.0,884.0,4818.0,1122166.0,689464.0,120.0,23930.0,24690.0,0.0,323,82589621,2018
330399,温州市少儿图书馆,325000,温州市园西巷2号,一级馆,1000184.0,15008.0,5074.0,81893.0,1000.0,628.0,117715.0,1168000.0,1227000.0,130.0,2214986.0,9416.0,9416.0,876.0,56610185,735251679,2016
330329,泰顺县图书馆,325500,泰顺县罗阳镇南大街书山弄3-8号,一级馆,191723.0,200000.0,6.0,20103.0,0.0,269.0,9067.0,171000.0,123247.0,69.0,15080.0,7966.0,1020.0,512.0,67583693,470830455,2016
330682,上虞市图书馆,312300,上虞市百官街道市民中心一路2号,一级馆,509105.0,10698.0,5040.0,52967.0,3200.0,992.0,34404.0,873250.0,1033786.0,137.0,158724.0,10000.0,0.0,384.0,82192909,767998312,2016
330109,杭州市萧山图书馆,311202,萧山区市心中路958号,一级馆,0.0,3056668.0,142485.0,3906.0,208761.0,0.0,814.0,1572116.0,1411573.0,550133.0,166.0,42670.0,30000.0,0.0,1268,83869047,2018
330328,文成县图书馆,325300,文成县大N伯温路118号,二级馆,0.0,490997.0,220000.0,2070.0,13637.0,0.0,948.0,22534.0,515804.0,385919.0,147.0,42226.0,10141.0,10141.0,680,67864376,2018
330101,杭州图书馆,310016,杭州市解放东路58号,一级馆,5640120.0,1012729.0,63200.0,411281.0,0.0,3943.0,650533.0,5142926.0,3134204.0,360.0,1.1228655E7,49488.0,0.0,3949.0,86535018,470115232,2017
330328,文成县图书馆,325300,文成县大N伯温路118号,二级馆,477360.0,220000.0,2010.0,19479.0,0.0,772.0,21501.0,488922.0,340267.0,147.0,40240.0,10141.0,10141.0,630.0,67864376,470800619,2017
330521,德清县图书馆,313200,武康镇千秋东街2号,一级馆,496675.0,292822.0,4537.0,49412.0,100000.0,281.0,40143.0,1103500.0,758000.0,147.0,1166115.0,10243.0,10243.0,524.0,8064347,471220296,2017
330922,嵊泗县图书馆,202450,嵊泗县菜园镇望海路393号,二级馆,136263.0,4545.0,3722.0,7011.0,872.0,361.0,2993.0,28900.0,66456.0,50.0,5591.0,3700.0,0.0,152.0,5089148,472230736,2017
331081,温岭市图书馆,317500,浙江省温岭市太平街道溪滨路58号,一级馆,0.0,1576316.0,123930.0,5532.0,114269.0,0.0,630.0,71021.0,9901050.0,1562349.0,66.0,77690.0,18665.0,4250.0,403,86223922,2018
330523,安吉县图书馆,313300,安吉县递铺镇天目路635号,一级馆,0.0,312376.0,50000.0,3760.0,8376.0,0.0,220.0,18000.0,260000.0,140000.0,42.0,180000.0,4600.0,3600.0,340,5022335,2018
330322,洞头县图书馆,325700,洞头县北岙街道新城区市民活动中心,一级馆,239863.0,200250.0,2783.0,11422.0,0.0,118.0,8171.0,85718.0,106976.0,62.0,57891.0,4150.0,4050.0,310.0,63483931,470651828,2016
330111,富阳区图书馆,311400,浙江省富阳市富春街道富春路3号,一级馆,436887.0,9370000.0,1560.0,43387.0,170000.0,757.0,600000.0,195749.0,879462.0,72.0,58121.0,3550.0,3550.0,411.0,63323974,47033331X,2016
330881,江山市图书馆,324100,江山市江路18－2号,二级馆,0.0,308139.0,11500.0,5800.0,35100.0,4100.0,365.0,18346.0,370260.0,342262.0,54.0,0.0,2257.0,0.0,308,4020711,2018
331181,龙泉市图书馆,323700,龙泉市贤良路人民广场内,二级馆,219196.0,4604200.0,1786.0,14940.0,1450.0,321.0,9647.0,283257.0,181531.0,110.0,5840.0,5444.0,3678.0,400.0,7128713,472401419,2017
330683,嵊州市图书馆,312400,嵊州市龙会路26号,一级馆,546608.0,4053.0,28590.0,7839.0,3053.0,554.0,19392.0,820198.0,523571.0,63.0,21954.0,3160.0,3160.0,350.0,83011103,681694019,2016
330901,舟山市图书馆,316000,舟山市临城海天大道,一级馆,0.0,1031352.0,76792.0,14871.0,46673.0,82.0,1561.0,90983.0,729818.0,664232.0,189.0,166212.0,12360.0,12360.0,672,8063608,2018
330103,杭州市下城区图书馆,310014,下城区潮王路8号,一级馆,360000.0,202500.0,450.0,14628.0,0.0,300.0,45000.0,1180000.0,530000.0,57.0,200000.0,4500.0,0.0,650.0,85332517,68580035X,2017
330799,金华严济慈图书馆（金华市图书馆）,321000,永康街288号,一级馆,348470.0,814645.0,7460.0,81836.0,2575.0,797.0,34182.0,349822.0,286308.0,106.0,116000.0,12000.0,12000.0,520.0,82069522,556195130,2016
331022,三门县图书馆,317100,三门县上洋路261号,二级馆,351630.0,45217.0,522.0,32730.0,9383.0,389.0,11273.0,833000.0,402384.0,45.0,7010.0,2677.0,2023.0,164.0,83379152,754904102,2017
330324,永嘉县图书馆,325100,永嘉县上塘镇广场路61号,二级馆,597021.0,250000.0,3456.0,122700.0,0.0,798.0,28182.0,558765.0,495842.0,218.0,0.0,4857.0,1740.0,450.0,57673799,734535354,2017
330109,杭州市萧山图书馆,311202,萧山区市心中路958号,一级馆,2847907.0,142485.0,3906.0,55013.0,0.0,833.0,1571510.0,1138300.0,474121.0,160.0,68155.0,30000.0,0.0,1116.0,83869047,470450110,2017
330421,嘉善县图书馆,314100,谈公北路57号,一级馆,965931.0,500992.0,7360.0,18881.0,200.0,1228.0,284751.0,2180894.0,865958.0,62.0,386554.0,4302.0,4302.0,308.0,84128543,471001392,2017
330122,桐庐县图书馆,311500,桐君街道白云源路608号,一级馆,530560.0,709200.0,8895.0,39785.0,3600.0,579.0,21470.0,241329.0,383311.0,111.0,78560.0,7760.0,1560.0,373.0,64218552,470300067,2016
330303,温州市龙湾区图书馆,325058,温州市龙湾区永中街道龙康路89号,一级馆,454121.0,1390995.0,486.0,50257.0,30673.0,489.0,31316.0,1051005.0,574510.0,99.0,226347.0,12145.0,0.0,796.0,86968257,660595003,2017
330701,金华市少儿童图书馆,321000,金华市婺江东路238号,二级馆,0.0,453983.0,46581.0,551.0,40187.0,19852.0,857.0,22665.0,433000.0,440000.0,97.0,45000.0,7661.0,0.0,528,82325322,2018
330727,磐安县图书馆,322300,磐安县海螺街43号,一级馆,257581.0,7600.0,5927.0,26280.0,18000.0,241.0,5272.0,133000.0,79800.0,43.0,179527.0,3036.0,3036.0,200.0,84661410,471710658,2017
330481,海宁市图书馆,314400,海宁市学林街60-62号,一级馆,1757499.0,1234000.0,31196.0,128844.0,730000.0,2838.0,423274.0,3184320.0,2244840.0,897.0,752863.0,31416.0,0.0,6731.0,89267507,471101123,2017
331022,三门县图书馆,317100,三门县上洋路261号,二级馆,191310.0,20000.0,350.0,61030.0,0.0,400.0,8200.0,831100.0,158000.0,41.0,5110.0,2212.0,2212.0,64.0,83379152,754904102,2016
330106,杭州市西湖区图书馆,310007,杭州市西湖区古墩路413号,一级馆,0.0,789319.0,20591.0,144.0,28204.0,20591.0,552.0,38265.0,804200.0,1814565.0,57.0,308565.0,6000.0,3194.0,420,87981283,2018
331024,仙居县图书馆,317300,浙江省仙居县城关解放街2号,二级馆,168640.0,72000.0,10158.0,23640.0,0.0,248.0,0.0,1180600.0,209015.0,49.0,0.0,1937.0,1440.0,172.0,87772767,798554562,2016
330621,绍兴市柯桥区图书馆,312030,绍兴市柯桥区明珠路396号,一级馆,389405.0,73624.0,6128.0,39303.0,0.0,1228.0,64521.0,759153.0,385670.0,98.0,53125.0,9646.0,4800.0,1107.0,85282968,DJ1235235,2016
330522,长兴县图书馆,313100,浙江省长兴县植物园路2号,一级馆,0.0,586786.0,3500.0,7250.0,36981.0,3100.0,742.0,60019.0,1311600.0,1132568.0,70.0,1028273.0,11000.0,0.0,800,6227911,2018
330803,衢江区图书馆,324022,衢江区东方广场四楼衢江区图书馆,二级馆,0.0,251836.0,0.0,2438.0,78710.0,0.0,156.0,2473.0,349244.0,121309.0,46.0,0.0,1600.0,1600.0,220,2291507,2018
331001,台州市图书馆,318000,台州市和谐路168号,一级馆,0.0,818722.0,1251796.0,19540.0,80945.0,49946.0,1173.0,124493.0,2101047.0,1001346.0,200.0,1103230.0,21230.0,0.0,1343,88221530,2018
330683,嵊州市图书馆,312400,嵊州市龙会路26号,一级馆,0.0,592829.0,34000.0,28590.0,40151.0,3500.0,549.0,27085.0,800190.0,390000.0,63.0,133580.0,3160.0,3160.0,350,83011103,2018
330205,宁波市江北区图书馆,315020,江北区丽江西路77号,二级馆,0.0,206181.0,3000.0,736.0,7716.0,3000.0,279.0,9799.0,296083.0,269648.0,61.0,0.0,4500.0,0.0,246,87660783,2018
331121,青田县图书馆,323900,临江东路56号,三级馆,209602.0,180000.0,11200.0,19175.0,180000.0,634.0,8008.0,508086.0,188298.0,148.0,65000.0,5420.0,2380.0,266.0,6823348,E96586721,2017
331124,松阳县图书馆,323400,松阳县西屏镇白露岭路A2号,二级馆,223306.0,1300000.0,360.0,5500.0,0.0,21.0,5521.0,137900.0,120800.0,40.0,10000.0,3119.0,3119.0,176.0,8062339,472520581,2017
330523,安吉县图书馆,313300,安吉县递铺镇天目路635号,一级馆,288000.0,50000.0,3760.0,7000.0,0.0,268.0,15750.0,205000.0,115000.0,42.0,155500.0,3600.0,3600.0,340.0,5022335,471280408,2016
330822,常山县图书馆,324200,常山县天马街道人民路119号,二级馆,0.0,319432.0,1000000.0,547.0,24000.0,0.0,362.0,4939.0,105700.0,49410.0,92.0,0.0,2741.0,0.0,188,5017364,2018
331099,台州市图书馆,318000,台州市和谐路168号,一级馆,598025.0,849143.0,12722.0,99133.0,710826.0,1503.0,69076.0,2089278.0,957964.0,139.0,423043.0,21230.0,0.0,800.0,88221530,689992010,2016
330205,宁波市江北区图书馆,315020,江北区丽江西路77号,二级馆,449113.0,0.0,736.0,21386.0,0.0,211.0,8892.0,235876.0,227638.0,61.0,740542.0,4500.0,0.0,246.0,87660783,775636442,2017
330106,杭州市西湖区图书馆,310007,杭州市西湖区古墩路413号,一级馆,373749.0,0.0,128.0,34829.0,0.0,580.0,37222.0,789930.0,1632322.0,57.0,315060.0,3200.0,0.0,300.0,87981283,78239260X,2016
330401,嘉兴市图书馆,314001,嘉兴市海盐塘路,一级馆,0.0,2636538.0,1631900.0,19011.0,126715.0,50000.0,3495.0,278288.0,3812203.0,2301065.0,311.0,1193521.0,31520.0,0.0,811,82535026,2018
330327,苍南县图书馆,325800,苍南县灵溪镇湖滨路58号,一级馆,1198628.0,9997.0,4540.0,48430.0,8000.0,677.0,51287.0,567105.0,645017.0,67.0,69000.0,9185.0,8385.0,770.0,68871060,47078708X,2017
330899,衢州市图书馆,324000,三衢路319号,无等级馆,663172.0,0.0,5080.0,23747.0,0.0,0.0,60607.0,367000.0,712000.0,64.0,18161.0,3000.0,0.0,72.0,8586936,47186581X,2016
330521,德清县图书馆,313200,武康镇千秋东街2号,一级馆,403413.0,142822.0,4537.0,59301.0,10000.0,281.0,26097.0,1031000.0,851208.0,147.0,815398.0,10243.0,10243.0,524.0,8064347,471220296,2016
330103,杭州市下城区图书馆,310014,下城区潮王路8号,一级馆,332862.0,202000.0,408.0,8078.0,0.0,300.0,41566.0,1119452.0,604024.0,55.0,50388.0,4500.0,0.0,641.0,85332517,68580035X,2016
330105,杭州市拱墅区图书馆,310015,拱墅区北城街55号（拱墅区人防大厦B座）,一级馆,0.0,500099.0,20000.0,2492.0,39519.0,20000.0,575.0,40868.0,973243.0,380345.0,47.0,45591.0,9800.0,0.0,2900,88162829,2018
330921,岱山县图书馆,316200,岱山县高亭镇长河路126号,一级馆,0.0,313316.0,803584.0,3967.0,18288.0,0.0,272.0,13996.0,349771.0,258358.0,50.0,25457.0,7591.0,0.0,480,4471570,2018
330682,上虞市图书馆,312300,上虞市百官街道市民中心一路2号,一级馆,613805.0,12819.0,5040.0,53070.0,1050.0,1063.0,40286.0,1324900.0,955642.0,153.0,102269.0,10000.0,0.0,384.0,82192909,767998312,2017
330301,温州市图书馆,325000,温州市市府路506号,一级馆,2835003.0,2375879.0,75600.0,250144.0,21492.0,2268.0,247766.0,4457647.0,2987032.0,419.0,1040037.0,36170.0,32000.0,2443.0,88957525,470523017,2017
331121,青田县图书馆,323900,临江东路56号,三级馆,208472.0,2000000.0,3056.0,17500.0,3000.0,571.0,3680.0,257935.0,48147.0,45.0,46203.0,8472.0,0.0,80.0,6823348,E96586721,2016
330104,江干区图书馆,310016,江干区太平门直街458号,一级馆,0.0,410353.0,350000.0,434.0,35674.0,0.0,490.0,0.0,651209.0,319841.0,54.0,5311.0,3500.0,0.0,747,86753385,2018
331082,临海市图书馆,317000,临海市东湖路35号,一级馆,1062999.0,0.0,3658.0,410330.0,0.0,320.0,43917.0,1263521.0,1104669.0,74.0,357000.0,4450.0,3500.0,415.0,85111366,728441861,2017
331004,台州市路桥区图书馆,318050,台州市路桥区路北街道腾达路1300号,无等级馆,652357.0,1500000.0,8820.0,151907.0,500000.0,993.0,29952.0,1121886.0,689344.0,125.0,24474.0,24690.0,0.0,323.0,82589621,786431960,2017
331126,庆元县图书馆,323800,松源镇髦藿132号,三级馆,0.0,137998.0,15.0,1246.0,5986.0,200.0,0.0,0.0,172033.0,117925.0,18.0,0.0,1381.0,681.0,80,6113269,2018
331081,温岭市图书馆,317500,浙江省温岭市太平街道溪滨路58号,一级馆,399227.0,121580.0,5532.0,44625.0,0.0,630.0,0.0,2910726.0,455477.0,64.0,260458.0,8065.0,4250.0,291.0,86223922,472723389,2016
331123,遂昌县图书馆,323300,浙江省遂昌县妙高镇公园路95号,三级馆,0.0,210272.0,20000.0,5300.0,13520.0,3000.0,384.0,2943.0,208638.0,70078.0,41.0,13596.0,6200.0,6200.0,400,8122284,2018
330802,柯城区公共图书馆,324000,衢州市兴华街8号,无等级馆,0.0,0.0,0.0,0.0,0.0,0.0,0.0,0.0,0.0,0.0,0.0,0.0,0.0,0.0,3070712,TJKCWH017,2016
330604,上虞市图书馆,312300,上虞市百官街道市民中心一路2号,一级馆,0.0,682985.0,13678.0,6624.0,69180.0,1835.0,1363.0,42538.0,1219663.0,826060.0,167.0,128228.0,10000.0,0.0,600,82192909,2018
330602,绍兴市越城区图书馆,312000,延安路565号,一级馆,174369.0,3693000.0,1.0,174369.0,3000.0,413.0,2216.0,660084.0,418243.0,64.0,15435.0,4500.0,0.0,500.0,88401317,327887635,2016
330502,湖州市吴兴区图书馆,313000,湖州市吴兴区草荡漾路1号,无等级馆,0.0,66500.0,0.0,0.0,0.0,0.0,0.0,0.0,0.0,0.0,0.0,0.0,12000.0,12000.0,0,2289752,2018
330329,泰顺县图书馆,325500,泰顺县罗阳镇南大街书山弄3-8号,一级馆,0.0,353011.0,210000.0,1.0,49781.0,10000.0,413.0,31209.0,582148.0,452311.0,162.0,118925.0,8930.0,6500.0,1225,67583693,2018
330902,定海区图书馆,316000,定海区环城西路98号,一级馆,271138.0,7943.0,7100.0,27782.0,0.0,690.0,12991.0,423204.0,513709.0,75.0,3445.0,2800.0,3630.0,415.0,2600303,05955194X,2017
330824,开化县图书馆,324300,开化县城关镇6号,无等级馆,312309.0,125603.0,1480.0,34330.0,80000.0,220.0,7934.0,139136.0,145623.0,77.0,409.0,2065.0,1655.0,208.0,6014288,472001028,2017
330326,平阳县图书馆,325400,平阳县昆阳镇天来巷8号,三级馆,583400.0,324000.0,220.0,26540.0,4000.0,416.0,22147.0,453055.0,309060.0,52.0,5200.0,3286.0,2236.0,362.0,63721597,470760311,2016
330127,淳安县图书馆,311700,千岛湖镇青溪新城珍珠大道珍珠一路111号,二级馆,488278.0,6355.0,381.0,90596.0,0.0,413.0,397778.0,489093.0,231404.0,57.0,0.0,7354.0,1889.0,400.0,64823367,470420122,2017
330304,瓯海区图书馆,325000,娄桥行政中心3号楼4楼,一级馆,671427.0,316782.0,0.0,133026.0,4858.0,641.0,69260.0,1280000.0,1053794.0,111.0,133385.0,29000.0,0.0,877.0,88521692,E94886050,2017
330602,绍兴市越城区图书馆,312000,延安路565号,一级馆,0.0,358816.0,203000.0,3425.0,43965.0,1200.0,536.0,21355.0,1394767.0,686750.0,76.0,77008.0,5927.0,0.0,422,88401318,2018
330302,鹿城区图书馆,325000,浙江省温州市双屿镇牛岭村,无等级馆,942420.0,200750.0,1316.0,20000.0,400.0,46.0,862.0,786188.0,78409.0,58.0,32.0,3026.0,3026.0,265.0,55577826,677227098,2016
331102,丽水市莲都区公共图书馆,323000,浙江省丽水市莲都区解放街505号,无等级馆,0.0,9000.0,0.0,0.0,9000.0,0.0,0.0,15200.0,0.0,53.0,0.0,220.0,0.0,0.0,2186683,323440158,2016
331002,台州市椒江区图书馆,318000,浙江省台州市椒江区东枫山路16号,一级馆,0.0,755510.0,810000.0,1925.0,102993.0,0.0,436.0,22302.0,1660000.0,700689.0,72.0,11584.0,8270.0,3600.0,412,88801732,2018
330424,张元济图书馆,314300,海盐县武原镇文昌东路6号,一级馆,0.0,780903.0,1100000.0,8475.0,29262.0,100000.0,847.0,57892.0,1875000.0,817134.0,140.0,268752.0,11843.0,10743.0,750,86023951,2018
330681,诸暨市图书馆,311800,诸暨市暨阳街道浦阳路77号,一级馆,392564.0,43300.0,7280.0,45272.0,22089.0,644.0,12607.0,1040348.0,142570.0,62.0,503133.0,9000.0,9000.0,502.0,89251969,471480397,2016
330702,婺城区图书馆,321000,金华市临江东路8号,无等级馆,0.0,139186.0,1327215.0,320.0,30088.0,0.0,289.0,4597.0,212848.0,136476.0,53.0,0.0,5200.0,0.0,263,89802003,2018
330522,长兴县图书馆,313100,浙江省长兴县植物园路2号,一级馆,549805.0,3500.0,7250.0,11761.0,1325.0,902.0,52000.0,1184000.0,1011042.0,70.0,1015580.0,11000.0,0.0,800.0,6227911,471260298,2017
330699,绍兴图书馆,312000,浙江省绍兴市延安路565号,一级馆,1539827.0,230525.0,33273.0,98920.0,17298.0,5766.0,158057.0,1973421.0,2051081.0,258.0,470634.0,51913.0,16997.0,2094.0,88338215,471321038,2016
330781,兰溪市图书馆,321100,浙江省兰溪市李渔路180号,一级馆,0.0,324347.0,87570.0,5130.0,20630.0,0.0,470.0,17227.0,271669.0,254476.0,55.0,24236.0,5553.0,5553.0,354,88895607,2018
330111,富阳区图书馆,311400,浙江省富阳市富春街道富春路3号,一级馆,0.0,521491.0,9591000.0,1600.0,26211.0,50000.0,704.0,697662.0,393415.0,1169300.0,84.0,7560.0,3550.0,3550.0,482,63323974,2018
330825,龙游县图书馆,324400,龙游县龙洲街道文化东路534号,二级馆,134657.0,13500.0,2740.0,18570.0,2500.0,185.0,6169.0,199588.0,204626.0,36.0,150519.0,1630.0,1630.0,200.0,7021833,E96276176,2016
331021,玉环县图书馆,317600,浙江台州玉环玉城街道城关广陵路69号,二级馆,261601.0,100000.0,4351.0,43753.0,0.0,379.0,8252.0,810083.0,489890.0,48.0,29813.0,1848.0,1215.0,217.0,87221558,472840024,2016
330205,宁波市江北区图书馆,315020,江北区丽江西路77号,二级馆,437184.0,0.0,736.0,10000.0,0.0,243.0,5404.0,24458.0,142776.0,61.0,700986.0,4500.0,0.0,246.0,87660783,775636442,2016
331127,景宁畲族自治县图书馆,323500,景宁畲族自治县鹤溪中路33号,无等级馆,0.0,128851.0,1112223.0,2269.0,9498.0,4650.0,280.0,8780.0,266743.0,161327.0,29.0,2822.0,3633.0,0.0,200,5093356,2018
331126,庆元县图书馆,323800,松源镇髦藿132号,三级馆,132012.0,15.0,1246.0,7753.0,200.0,0.0,0.0,165100.0,99135.0,25.0,2200.0,1381.0,681.0,80.0,6113269,472430498,2017
330481,海宁市图书馆,314400,海宁市海马路34号,一级馆,1517573.0,652903.0,31196.0,403794.0,113000.0,2760.0,404230.0,2611819.0,2002534.0,897.0,752031.0,28067.0,0.0,6631.0,89267507,471101123,2016
331002,台州市椒江区图书馆,318000,浙江省台州市椒江区东枫山路16号,一级馆,314368.0,2300000.0,1598.0,10690.0,0.0,365.0,10783.0,991000.0,165313.0,49.0,49628.0,3600.0,3600.0,250.0,88801732,472630238,2016
330102,杭州市上城区图书馆（杭州市上城区非物质文化遗产保护中心）,310000,上城区钱江路与候潮路交叉口（筹）,无等级馆,0.0,128510.0,0.0,0.0,3356.0,0.0,0.0,0.0,150000.0,16800.0,0.0,0.0,9000.0,0.0,0,85239567,2018
331021,玉环市图书馆,317600,浙江台州玉环玉城街道城关广陵路69号,二级馆,0.0,780829.0,100000.0,4815.0,40351.0,0.0,0.0,451695.0,821089.0,770232.0,64.0,24339.0,1848.0,1215.0,302,87221558,2018
330801,衢州市图书馆,324000,三衢路319号,无等级馆,675073.0,4700.0,6589.0,10295.0,0.0,588.0,54873.0,704426.0,519020.0,104.0,56318.0,13105.0,0.0,164.0,8758185,47186581X,2017
330110,杭州市余杭区图书馆,311100,临平世纪大道49号,一级馆,777652.0,1395841.0,6088.0,61593.0,3069.0,1130.0,900000.0,1329460.0,524376.0,145.0,6273.0,10931.0,10931.0,1480.0,89188015,470390867,2016
331127,景宁畲族自治县图书馆,323500,景宁畲族自治县鹤溪中路33号,无等级馆,106287.0,5223.0,2269.0,3117.0,200.0,280.0,6911.0,245770.0,159934.0,46.0,5120.0,3633.0,0.0,100.0,5093356,472550115,2016
330501,湖州市图书馆,313000,龙王山路728号,一级馆,979377.0,380000.0,16289.0,71301.0,150000.0,1024.0,65434.0,1632250.0,1149229.0,160.0,799753.0,15700.0,15700.0,780.0,2399856,471171586,2017
330802,柯城区公共图书馆,324000,衢州市兴华街8号,无等级馆,723300.0,0.0,4.0,33000.0,0.0,0.0,52000.0,0.0,0.0,40.0,0.0,2500.0,2500.0,120.0,3070712,TJKCWH017,2017
330206,宁波大榭开发区图书馆（青少年宫）,315812,宁波北仑区大榭街道海山路103号,无等级馆,0.0,107152.0,6000.0,1691.0,13468.0,3000.0,464.0,3391.0,85483.0,60545.0,40.0,0.0,3006.0,3006.0,207,86751562,2018
330108,杭州市滨江区图书馆,310000,杭州市滨江区泰安路200号滨江文化中心6楼,无等级馆,243348.0,1015729.0,0.0,34783.0,0.0,684.0,36044.0,536882.0,490455.0,88.0,0.0,7000.0,0.0,787.0,87702381,TJ3001084,2017
330225,象山县图书馆,315700,丹东街道教育园区内,一级馆,433982.0,0.0,3350.0,12377.0,0.0,468.0,27629.0,176236.0,358798.0,58.0,2586092.0,7080.0,2880.0,396.0,65776720,41957533X,2016
330782,义乌市图书馆,322000,义乌市宗泽东路35号,一级馆,0.0,1077461.0,161606.0,15150.0,148867.0,0.0,1100.0,82585.0,1335900.0,667900.0,100.0,0.0,21658.0,21658.0,1580,85313300,2018
330903,普陀区图书馆,316100,舟山市普陀区东港海华路589号,一级馆,179285.0,3602000.0,3767.0,11381.0,40.0,446.0,3767.0,185225.0,128000.0,69.0,37082.0,3241.0,0.0,252.0,3806697,472170411,2016
330723,武义县图书馆,321200,武川中路18号,一级馆,285475.0,58272.0,7914.0,10876.0,13000.0,310.0,8957.0,298511.0,190116.0,53.0,17033.0,6090.0,6090.0,347.0,87631595,471651061,2016
330723,武义县图书馆,321200,武川中路18号,一级馆,315182.0,73272.0,9914.0,12275.0,8000.0,253.0,10705.0,336128.0,217742.0,50.0,23346.0,7007.0,7007.0,347.0,87631595,471651061,2017
330921,岱山县图书馆,316200,岱山县高亭镇长河路126号,一级馆,263633.0,803584.0,3661.0,21302.0,0.0,265.0,8543.0,208111.0,242592.0,49.0,20932.0,3000.0,0.0,260.0,4471570,472200449,2016
330299,宁波市图书馆,315010,浙江省宁波市海曙区永丰路135号,二级馆,1986214.0,3353477.0,17414.0,99014.0,100000.0,1829.0,140869.0,1368234.0,2624757.0,276.0,8721300.0,15368.0,10812.0,1106.0,87247257,41952927X,2016
330781,兰溪市图书馆,321100,浙江省兰溪市李渔路180号,一级馆,303717.0,87570.0,5130.0,13235.0,60000.0,547.0,15709.0,226421.0,214583.0,55.0,24378.0,5553.0,5553.0,284.0,88895607,TJ0781038,2017
331082,临海市图书馆,317000,临海市东湖路35号,一级馆,0.0,1145468.0,0.0,3658.0,82469.0,0.0,318.0,54208.0,1263522.0,1203168.0,81.0,583205.0,4450.0,3500.0,593,85111366,2018
331127,景宁畲族自治县图书馆,323500,景宁畲族自治县鹤溪中路33号,无等级馆,119353.0,1112223.0,2269.0,5559.0,1003000.0,280.0,7248.0,265805.0,161167.0,46.0,7100.0,3633.0,0.0,200.0,5093356,472550115,2017
330127,淳安县图书馆,311700,千岛湖镇排岭南路54号,二级馆,380746.0,3355.0,479.0,72191.0,3000.0,361.0,382529.0,224458.0,261035.0,104.0,0.0,2500.0,1889.0,322.0,24817016,470420122,2016
330681,诸暨市图书馆,311800,诸暨市暨阳街道浦阳路77号,一级馆,617013.0,70811.0,7280.0,37060.0,19965.0,695.0,26310.0,1034283.0,405000.0,69.0,407311.0,9000.0,9000.0,577.0,89251969,471480397,2017
330326,平阳县图书馆,325400,平阳县昆阳镇天来巷8号,三级馆,584323.0,324000.0,220.0,44560.0,0.0,430.0,41582.0,786708.0,453546.0,47.0,7641.0,3286.0,2236.0,242.0,63721597,470760311,2017
330727,磐安县图书馆,322300,磐安县海螺街43号,一级馆,0.0,279424.0,8900.0,5927.0,21843.0,0.0,368.0,5777.0,168593.0,87862.0,43.0,181528.0,3036.0,3036.0,200,84661410,2018
330301,温州市少儿图书馆,325000,温州市园西巷2号,一级馆,1168973.0,45173.0,5074.0,90728.0,13735.0,560.0,143036.0,1346782.0,1668545.0,114.0,2620818.0,9416.0,9416.0,876.0,56610187,735251679,2017
330681,诸暨市图书馆,311800,诸暨市暨阳街道浦阳路77号,一级馆,0.0,849316.0,85414.0,7280.0,231608.0,45000.0,695.0,31358.0,1045238.0,647247.0,69.0,429520.0,9000.0,9000.0,577,89251969,2018
330203,宁波市海曙区图书馆,315000,宁波市海曙区沁园街345号海曙区文体中心一层,一级馆,0.0,245044.0,53000.0,2211.0,48984.0,5000.0,418.0,17075.0,2024378.0,830659.0,68.0,6450.0,5400.0,5400.0,348,87122351,2018
331122,缙云县图书馆,321400,缙云县五云街道溪滨南路45号,二级馆,0.0,402889.0,437144.0,8670.0,24179.0,360444.0,940.0,11885.0,1445454.0,698570.0,84.0,7401.0,13936.0,4300.0,2000,3122622,2018
330185,临安市图书馆,311300,临安市锦城街道城中街261号,一级馆,0.0,785497.0,390000.0,6971.0,72962.0,50000.0,935.0,57487.0,1024547.0,719355.0,92.0,21081.0,8401.0,8401.0,594,63722018,2018
330902,定海区图书馆,316000,定海区环城西路98号,一级馆,0.0,310068.0,82300.0,7100.0,36406.0,5000.0,567.0,14769.0,402944.0,535427.0,75.0,189.0,2800.0,3630.0,415,2600303,2018
330782,义乌市图书馆,322000,义乌市南门街302号,一级馆,692006.0,161606.0,15000.0,46800.0,0.0,1475.0,47940.0,564200.0,454000.0,106.0,100000.0,21658.0,21658.0,1520.0,85313300,471770781,2016
330211,镇海区图书馆,315200,镇海区骆驼街道民和路802号,一级馆,493785.0,17908.0,6000.0,47894.0,0.0,829.0,27458.0,728687.0,913625.0,140.0,185293.0,9000.0,9000.0,400.0,55886562,41956637X,2017
330624,新昌县图书馆,312500,新昌县七星街道鼓山西路128号,一级馆,268260.0,251600.0,5280.0,34582.0,0.0,1077.0,23711.0,555389.0,425436.0,70.0,35615.0,6000.0,4000.0,400.0,86110709,471450200,2016
330303,温州市龙湾区图书馆,325058,温州市龙湾区龙祥路文化活动中心,一级馆,357056.0,200250.0,486.0,49053.0,1800250.0,534.0,16950.0,323443.0,240204.0,36.0,150944.0,12145.0,0.0,796.0,86968257,660595003,2016
331024,仙居县图书馆,317300,浙江省仙居县城关解放街2号,二级馆,724383.0,108000.0,11928.0,182992.0,36000.0,256.0,20005.0,1396768.0,771977.0,85.0,63000.0,6204.0,1440.0,456.0,87772767,798554562,2017
330703,金华市金东区公共图书馆,321000,金华市金东区艾青路丽泽公园内（金华一中北门对面）,无等级馆,0.0,99637.0,0.0,8.0,1637.0,0.0,105.0,22.0,194.0,108.0,28.0,0.0,3615.0,3615.0,180,82172160,2018
331003,黄岩区图书馆,318020,黄岩区直下街20号,一级馆,0.0,1318602.0,941.0,6450.0,23938.0,0.0,482.0,16592.0,1719031.0,978319.0,44.0,15866.0,19520.0,798.0,155,84113618,2018
330182,建德市图书馆,311600,建德市广兴路10号,一级馆,0.0,738528.0,60638.0,5376.0,43336.0,180.0,527.0,470000.0,580000.0,430000.0,66.0,36600.0,6037.0,6037.0,422,64070880,2018
330226,宁海县图书馆,315600,宁海县北斗北路215号,一级馆,396895.0,2000.0,5500.0,20536.0,0.0,415.0,32754.0,211144.0,596213.0,88.0,160000.0,5000.0,5000.0,370.0,83556058,002966079,2016
331003,黄岩区图书馆,318020,黄岩区直下街20号,二级馆,1002197.0,865.0,6330.0,828540.0,0.0,405.0,6856.0,1464060.0,983200.0,34.0,13090.0,17820.0,798.0,155.0,84113618,754901139,2016
330483,桐乡市图书馆,314500,市政广场西侧,一级馆,1262074.0,50000.0,4328.0,169633.0,50000.0,578.0,79263.0,1714184.0,1128123.0,93.0,79989.0,13595.0,0.0,1344.0,88113636,471060368,2016
330421,嘉善县图书馆,314100,谈公北路57号,一级馆,0.0,1056676.0,500992.0,7360.0,90745.0,0.0,1241.0,0.0,2116527.0,863619.0,62.0,10150.0,4302.0,4302.0,308,84128543,2018
330499,嘉兴市图书馆,314001,嘉兴市海盐塘路,一级馆,2199880.0,1479903.0,18106.0,174284.0,40000.0,3900.0,181453.0,3220421.0,2456784.0,280.0,855604.0,31520.0,0.0,811.0,82535026,470890757,2016
330201,宁波市图书馆,315010,浙江省宁波市海曙区永丰路135号,二级馆,2378295.0,3377347.0,17414.0,215208.0,12106.0,2115.0,172171.0,1357442.0,2650998.0,329.0,2.4200478E7,15368.0,10812.0,1106.0,87247257,41952927X,2017
330482,平湖市图书馆,314200,当湖街道三港路,一级馆,956531.0,500992.0,7734.0,61938.0,0.0,1878.0,58785.0,1226952.0,916821.0,266.0,3459603.0,12220.0,7720.0,1000.0,85108266,471141424,2016
330104,江干区图书馆,310016,江干区太平门直街458号,一级馆,286211.0,0.0,390.0,43999.0,0.0,686.0,0.0,624648.0,1056836.0,30.0,8603.0,3500.0,0.0,722.0,86753385,691744104,2016
330282,慈溪市图书馆,315300,慈溪市新城大道北路55号,一级馆,828719.0,2001353.0,5664.0,39638.0,2768.0,1692.0,70788.0,858439.0,485123.0,260.0,1436823.0,51916.0,15018.0,1000.0,63035705,419687913,2017
330784,永康市图书馆,321300,永康市紫微中路138号,一级馆,378283.0,2000.0,670.0,48427.0,0.0,616.0,17028.0,213931.0,161057.0,68.0,56524.0,8453.0,8453.0,240.0,87135370,471831951,2016
330283,奉化区图书馆,315500,奉化区中山东路16号,二级馆,212266.0,2515.0,1000.0,17203.0,310.0,428.0,14651.0,516926.0,472867.0,47.0,360.0,4996.0,35.0,423.0,88905922,041971882,2017
330523,安吉县图书馆,313300,安吉县递铺镇天目路635号,一级馆,304000.0,50000.0,3760.0,7000.0,0.0,251.0,17030.0,225800.0,132056.0,42.0,170000.0,3600.0,3600.0,340.0,5022335,471280408,2017
330283,奉化市图书馆,315500,奉化市中山东路16号,二级馆,219519.0,2515.0,1000.0,5600.0,0.0,420.0,11105.0,86325.0,145508.0,47.0,360.0,4996.0,35.0,423.0,28515212,041971882,2016
330701,金华严济慈图书馆（金华市图书馆）,321000,永康街288号,一级馆,0.0,600965.0,814646.0,7808.0,112025.0,0.0,805.0,63175.0,1129464.0,463185.0,127.0,130887.0,10776.0,0.0,614,82069522,2018
330521,德清县图书馆,313200,武康镇千秋东街2号,一级馆,0.0,542245.0,342822.0,4537.0,45570.0,50000.0,120.0,40153.0,1524691.0,749781.0,125.0,947334.0,10243.0,10243.0,524,8064347,2018
330601,绍兴图书馆,312000,浙江省绍兴市洋江西路530号,一级馆,0.0,1896892.0,243231.0,41948.0,122635.0,7186.0,2893.0,211129.0,1926026.0,1956785.0,275.0,257158.0,51913.0,16997.0,2142,88338215,2018
330381,瑞安市图书馆,325200,瑞安市安阳罗阳大道瑞安广场东首,一级馆,787425.0,4000000.0,0.0,236951.0,0.0,1878.0,0.0,1324228.0,1176585.0,160.0,178623.0,14872.0,12172.0,480.0,66886991,470869229,2016
331101,丽水市图书馆,323000,丽水市文昌路144号,无等级馆,0.0,411376.0,1000000.0,1171.0,23182.0,0.0,495.0,17719.0,259417.0,217709.0,60.0,759953.0,1693.0,1553.0,45,2272080,2018
331023,天台县图书馆,317200,天台县赤城街道劳动路27号,二级馆,0.0,535691.0,77354.0,2500.0,40111.0,1000.0,196.0,23193.0,1529684.0,537110.0,34.0,0.0,6448.0,1658.0,400,83880298,2018
330122,桐庐县图书馆,311500,桐君街道白云源路608号,一级馆,0.0,658948.0,953000.0,8895.0,35396.0,10000.0,569.0,51886.0,263420.0,459511.0,64.0,35491.0,7760.0,1560.0,373,64218555,2018
330822,常山县图书馆,324200,常山县天马街道人民路119号,二级馆,176633.0,3300.0,533.0,1892.0,0.0,0.0,0.0,105000.0,98600.0,92.0,0.0,2741.0,0.0,156.0,5017364,471971815,2016
330109,杭州市萧山图书馆,311202,萧山区市心中路958号,一级馆,2710708.0,128228.0,3906.0,83268.0,0.0,1630.0,1417784.0,2157154.0,1003882.0,169.0,69814.0,30000.0,0.0,1022.0,83869047,470450110,2016
330901,舟山市图书馆,316000,舟山市临城海天大道,一级馆,984679.0,2.87536788E8,14871.0,46040.0,1.9017326E7,1567.0,79738.0,768529.0,683388.0,189.0,183977.0,12360.0,12360.0,672.0,8063608,472092839,2017
330326,平阳县图书馆,325400,平阳县昆阳镇天来巷8号,三级馆,0.0,648163.0,324000.0,220.0,63840.0,0.0,432.0,53632.0,787861.0,464711.0,47.0,7622.0,3286.0,2236.0,242,63721597,2018
330399,温州市图书馆,325000,温州市市府路,一级馆,2337131.0,2353986.0,75600.0,258079.0,192222.0,3141.0,235411.0,2803968.0,2696752.0,326.0,1026968.0,36170.0,32000.0,2000.0,56897507,470523017,2016
330101,浙江图书馆,310007,杭州曙光路73号,一级馆,0.0,7051138.0,3205679.0,128396.0,265240.0,660259.0,6591.0,92094.0,1.0609273E7,1739851.0,716.0,2.6199516E7,57000.0,51732.0,1800,87988591,2018
331001,台州市图书馆,318000,台州市和谐路168号,一级馆,764865.0,1201850.0,17361.0,77794.0,39860.0,1349.0,93536.0,2100153.0,977478.0,167.0,852270.0,21230.0,0.0,1143.0,88221530,689992010,2017
330212,宁波市鄞州区图书馆,315100,浙江省宁波市鄞州区钱湖南路928号,一级馆,1992826.0,1390000.0,7500.0,134619.0,0.0,2581.0,628556.0,5139578.0,2561547.0,374.0,307037.0,28594.0,0.0,1901.0,88126558,419612735,2017
330825,龙游县图书馆,324400,龙游县龙洲街道文化东路534号,二级馆,196820.0,15500.0,2740.0,38917.0,2000.0,142.0,10623.0,203761.0,208076.0,38.0,552461.0,2140.0,1630.0,300.0,7021833,E96276176,2017
330824,开化县图书馆,324300,开化县城关镇6号,无等级馆,249791.0,100000.0,1480.0,14732.0,100000.0,210.0,5597.0,99814.0,94586.0,77.0,0.0,1655.0,1655.0,208.0,6014288,472001028,2016
331024,仙居县图书馆,317300,浙江省仙居县城关解放街2号,二级馆,0.0,820322.0,168000.0,12428.0,109753.0,60000.0,263.0,28016.0,1501679.0,883609.0,90.0,79082.0,8204.0,1440.0,1000,87772767,2018
330101,杭州少年儿童图书馆,310000,杭州市曙光路75号,一级馆,1301276.0,1012729.0,5352.0,105536.0,800315.0,517.0,39716.0,555881.0,1049592.0,92.0,6409439.0,6003.0,5695.0,557.0,86535018,470115283,2017
331199,丽水市图书馆,323000,丽水市文昌路144号,无等级馆,349269.0,1000000.0,2673.0,16567.0,3518.0,492.0,12131.0,246823.0,149844.0,60.0,552311.0,1553.0,1553.0,45.0,2272080,472311069,2016
331004,台州市路桥区图书馆,318050,台州市路桥区路北街道腾达路1300号,无等级馆,267914.0,1000000.0,4555.0,42129.0,1000000.0,911.0,21096.0,1095332.0,414804.0,127.0,101518.0,24690.0,0.0,323.0,82462469,786431960,2016
330726,浦江县图书馆,322200,浙江省浦江县浦阳镇书画街62＃,一级馆,260640.0,20100.0,5250.0,11021.0,0.0,356.0,13180.0,121008.0,171012.0,9630.0,9630.0,3100.0,2500.0,440.0,84112451,471680049,2016
330603,绍兴市柯桥区图书馆,312030,绍兴市柯桥区明珠路396号,一级馆,0.0,532586.0,77624.0,6425.0,31098.0,0.0,1396.0,69106.0,1112180.0,505696.0,114.0,158056.0,9646.0,4800.0,1174,85282968,2018
330802,柯城区公共图书馆,324000,衢州市兴华街8号,无等级馆,0.0,854726.0,5530.0,6.0,131031.0,5530.0,131.0,1341.0,15000.0,3670.0,70.0,0.0,4500.0,4500.0,389,3070712,2018
331023,天台县图书馆,317200,天台县赤城街道劳动路27号,二级馆,495580.0,76354.0,2146.0,40002.0,1000.0,196.0,15431.0,1510435.0,504500.0,34.0,0.0,1658.0,1658.0,165.0,83880298,799629626,2017
330212,宁波市鄞州区图书馆,315100,浙江省宁波市鄞州区钱湖南路928号,一级馆,1408445.0,0.0,7500.0,150877.0,0.0,1915.0,424829.0,2800000.0,1580000.0,285.0,16382.0,26355.0,0.0,1256.0,88126558,419612735,2016
330301,温州市少儿图书馆,325000,温州市园西巷2号,一级馆,0.0,1342983.0,45673.0,5074.0,174010.0,0.0,480.0,181714.0,1352134.0,1834029.0,116.0,4020818.0,9416.0,9416.0,876,56610187,2018
330127,淳安县图书馆,311700,千岛湖镇青溪新城珍珠大道珍珠一路111号,二级馆,0.0,576900.0,6355.0,381.0,88622.0,0.0,386.0,395970.0,437968.0,581256.0,55.0,3032.0,7354.0,1889.0,400,64823367,2018
330381,瑞安市图书馆,325200,瑞安市安阳罗阳大道瑞安广场东首,一级馆,0.0,997085.0,1449100.0,8000.0,100574.0,36100.0,1971.0,138914.0,1514925.0,1095889.0,160.0,96466.0,14872.0,12172.0,480,66886991,2018
